publication_year,country,site_id,site_name,area_type,control,control_method,month_start,month_end,year_start,year_end,anopheline_source,assi,identification_method1,identification_method2,identification_method3,identification_method4,anopheline_map,sample_method1,n1,sample_method2,n2,sample_method3,n3,sample_method4,n4,citation,pubmed_id,LongitudeF,Longitude,Latitude,elevation,elev_units
,Sudan,,Abu Alnaja,point,,,9,12,2016,2016,Anopheles stephensi,,,DNA sequencing,,,Anopheles stephensi,,,,,,,,,pers com (Weetman),,35,35.3,13.97,579,meters
,Sudan,,Daim Bakur,point,,,9,12,2016,2016,Anopheles stephensi,,,DNA sequencing,,,Anopheles stephensi,,,,,,,,,pers com (Weetman),,35,35.38,14.04,601,meters
2019,Ehiopia,,Awash Sebat Kilo,point,,,8,11,2018,2018,Anopheles stephensi,,m,,,,Anopheles stephensi,,,,,,,,,Balkew et al (2019 - preprint),,40,40.1647,8.9891,911,meters
2019,Ehiopia,,Gewane,point,,,8,11,2018,2018,Anopheles stephensi,,m,,,,Anopheles stephensi,,,,,,,,,Balkew et al (2019 - preprint),,40,40.6468,10.166,600,meters
2019,Ehiopia,,Semera,point,,,8,11,2018,2018,Anopheles stephensi,,m,,,,Anopheles stephensi,,,,,,,,,Balkew et al (2019 - preprint),,41,41.0084,11.7948,424,meters
2019,Ehiopia,,Erer Gota,point,,,8,11,2018,2018,Anopheles stephensi,,m,,,,Anopheles stephensi,,,,,,,,,Balkew et al (2019 - preprint),,41,41.384,9.5562,1099,meters
2019,Ehiopia,,Jigjiga,point,,,8,11,2018,2018,Anopheles stephensi,,m,,,,Anopheles stephensi,,,,,,,,,Balkew et al (2019 - preprint),,42,42.7939,9.3517,1664,meters
2014,Djibouti,,Plateau du Héron - Djibouti City (ML1),point,,,2,2,2013,2013,Anopheles stephensi,,m,,,,Anopheles stephensi,,,,,,,,,Faulde et al (2014) http://dx.doi.org/10.1016/j.actatropica.2014.06.016,,43,43.151,11.622,-17,meters
2014,Djibouti,,Djibouti animal export and quarantine station  (ML6),point,,,9,9,2012,2012,Anopheles stephensi,,m,dna,,,Anopheles stephensi,,,,,,,,,Faulde et al (2014) http://dx.doi.org/10.1016/j.actatropica.2014.06.016,,43,43.233,11.479,11,meters
2019,Ehiopia,,Kebridehar,point,,,8,11,2018,2018,Anopheles stephensi,,m,,,,Anopheles stephensi,,,,,,,,,Balkew et al (2019 - preprint),,44,44.2771,6.7389,523,meters
2018,Ethiopia,,Kebri Dehar town,point,,,11,12,2016,2016,Anopheles stephensi,,m,dna,,,Anopheles stephensi,,,,,,,,,https://doi.org/10.1016/j.actatropica.2018.09.001 Received 14 May 2018,,44,44.277,6.735,514,meters
2001,India,1000014939,Agatti Island,point,no,,3,3,2000,2000,Anopheles stephensi,,m,,,,Anopheles stephensi,l,,,,,,,,"Sharma, S.K. and Hamzakoya, K.K. (2001).  <b>Geographical spread of <i>Anopheles stephensi</i>, vector of urban malaria, and <i>Aedes aegypti</i>, vector of dengue/DHF, in the Arabian Sea Islands of Lakshadweep, India.</b> <i>Dengue Bulletin</i>, <b>25</b>:88-91",,72,72.1841,10.84,-72,meters
2001,India,1000014938,Kavaratti Island,point,no,,3,3,2000,2000,Anopheles stephensi,,m,,,,Anopheles stephensi,l,,,,,,,,"Sharma, S.K. and Hamzakoya, K.K. (2001).  <b>Geographical spread of <i>Anopheles stephensi</i>, vector of urban malaria, and <i>Aedes aegypti</i>, vector of dengue/DHF, in the Arabian Sea Islands of Lakshadweep, India.</b> <i>Dengue Bulletin</i>, <b>25</b>:88-91",,72,72.64,10.569,-192,meters
2011,India,2146281471,Bunder,point,,,,,,,Anopheles stephensi,,m,,,,Anopheles stephensi,l,,,,,,,,"Vinayachandra, Shwetha, R and Chandrashekar, KR. (2011).  <b>Larvicidal activities of Knema attenuata (Hook. f. & Thomson) Warb. (Myristicaceae) extracts against <i>Aedes albopictus</i> Skuse and <i>Anopheles stephensi</i> Liston.</b> <i>Parasitology Research</i>, <b>109</b>(6):1671-6",21559763,74,74.8333,12.8588,15,meters
2010,India,2146281459,Bejai,point,,,10,11,2006,2006,Anopheles stephensi,,?,,,,Anopheles stephensi,l,,,,,,,,"Tiwari, S, Ghosh, SK, Ojha, VP, Dash, AP and Raghavendra, K. (2010).  <b>Reduced susceptibility to selected synthetic pyrethroids in urban malaria vector <i>Anopheles stephensi</i>: a case study in Mangalore city, South India.</b> <i>Malaria Journal</i>, <b>9</b>:179",20573246,74,74.8462,12.8919,37,meters
2013,India,2146281179,Bharathiar University,point,,,,,,,Anopheles stephensi,,m,,,,Anopheles stephensi,l,,,,,,,,"Naresh Kumar, A, Murugan, K and Madhiyazhagan, P. (2013).  <b>Integration of botanicals and microbials for management of crop and human pests.</b> <i>Parasitology Research</i>, <b>112</b>(1):313-25",23052771,76,76.876,11.0391,522,meters
2016,India,2146281683,Trivandrum,point,,,8,8,2011,2011,Anopheles stephensi,,m,dna,,,Anopheles stephensi,hri,,ard,,,,,,"Sharma, R, Sharma, A, Kumar, A, Dube, M and Gakhar, SK. (2016).  <b>Population genetic structure of urban malaria vector <i>Anopheles stephensi</i> in India.</b> <i>Infection, genetics and evolution : journal of molecular epidemiology and evolutionary genetics in infectious diseases</i>, <b>39</b>(1):35-44",26777030,76,76.9526,8.4874,17,meters
2013,India,2146281344,Jnanabharathi campus,point,,,,,,,Anopheles stephensi,,m,,,,Anopheles stephensi,l,,,,,,,,"Shetty, V, Sanil, D and Shetty, NJ. (2013).  <b>Insecticide susceptibility status in three medically important species of mosquitoes, <i>Anopheles stephensi</i>, <i>Aedes aegypti</i> and <i>Culex quinquefasciatus</i>, from Bruhat Bengaluru Mahanagara Palike, Karnataka, India.</b> <i>Pest Management Science</i>, <b>69</b>(2):257-67",22926921,77,77.51,12.9415,840,meters
2015,India,2146281126,Kulathupuzha,point,,,8,7,2013,2014,Anopheles stephensi,,m,,,,Anopheles stephensi,l,,,,,,,,"Anbalagan, S, Arunprasanna, V, Kannan, M, Dinakaran, S and Krishnan, M. (2015).  <b>Spatio-temporal dynamics of mosquitoes in stream pools of a biosphere reserve of Southern Western Ghats, India.</b> <i>Acta Tropica</i>, <b>152</b>(1):228-36",26434940,77,77.0581,8.9052,158,meters
2015,India,2146281278,Karuppur,point,,,,,,,Anopheles stephensi,,m,,,,Anopheles stephensi,l,,,,,,,,"Ragavendran, C and Natarajan, D. (2015).  <b>Insecticidal potency of Aspergillus terreus against larvae and pupae of three mosquito species <i>Anopheles stephensi</i>, <i>Culex quinquefasciatus</i>, and <i>Aedes aegypti</i>.</b> <i>Environmental science and pollution research international</i>, <b>22</b>(21):17224-37",26139412,78,78.0992,11.7252,327,meters
2016,India,2146281596,Madurai city,point,,,8,9,2013,2013,Anopheles stephensi,,m,,,,Anopheles stephensi,l,0,,,,,,,"Kamaladhasan, N, Tyagi, BK, Swamy, PS and Chandrasekaran, S. (2016).  <b>Studies on the maintenance of 'self-sustained' mosquito vector population in Vaigai river, South India.</b> <i>Current Science</i>, <b>110</b>(1):57-68",,78,78.1231,9.9261,140,meters
2015,India,2146281322,Pondicherry University,point,,,7,9,2013,2013,Anopheles stephensi,,m,,,,Anopheles stephensi,l,,ro,,hbn,,,,"Selvan, PS, Jebanesan, A and Kumar, CM. (2015).  <b>Diversity and distribution of tree hole mosquitoes in Puducherry Union Territory, India.</b> <b>3</b>(7):531-533",,79,79.8585,12.0159,29,meters
2012,India,2146281117,Melvisharam,point,,,,,,,Anopheles stephensi,,m,,,,Anopheles stephensi,l,,,,,,,,"Jayaseelan, C, Rahuman, AA, Rajakumar, G, Santhoshkumar, T, Kirthi, AV, Marimuthu, S, Bagavan, A, Kamaraj, C, Zahir, AA, Elango, G, Velayutham, K, Rao, KV, Karthik, L and Raveendran, S. (2012).  <b>Efficacy of plant-mediated synthesized silver nanoparticles against hematophagous parasites.</b> <i>Parasitology Research</i>, <b>111</b>(2):921-33",21638210,79,79.2397,12.9397,240,meters
2016,India,2146281700,Indira Nagar,point,,,4,3,2013,2014,Anopheles stephensi,,m,,,,Anopheles stephensi,l,,,,,,,,"Thomas, S, Ravishankaran, S, Justin, JA, Asokan, A, Mathai, MT, Valecha, N, Thomas, MB and Eapen, A. (2016).  <b>Overhead tank is the potential breeding habitat of <i>Anopheles stephensi</i> in an urban transmission setting of Chennai, India.</b> <i>Malaria Journal</i>, <b>15</b>(1):274",27169513,80,80.2527,12.9952,7,meters
2015,India,2146279500,Thiruvanmiyur,point,,,,,,,Anopheles stephensi,,m,,,,Anopheles stephensi,l,,,,,,,,"Aarumugam, P, Krishnamoorthy, N and Gunasekaran, K. (2015).  <b>Deltamethrin induced functional mortality of <i>Anopheles stephensi</i>, the urban malaria vector, in relation to resistance development.</b> <i>Journal of Vector Borne Diseases</i>, <b>52</b>(3):261-264",,80,80.2561,13.0025,7,meters
1999,Myanmar,1000000262,Ohnbinkwin,point,,,3,1,1996,1998,Anopheles stephensi,,m,,,,Anopheles stephensi,mb,1,abn,19,,,,,"Htay-Aung, Minn, S., Thaung, S., Mya, M.M., Than, S.M., Hlaing, T., Soe-Soe, Druilhe, P. and Queuche, F. (1999).  <b>Well-breeding <i>Anopheles</i> <i>dirus</i> and their role in malaria transmission in Myanmar.</b> <i>The Southeast Asian Journal of Tropical Medicine and Public Health</i>, <b>30</b>(3):447-53",10774650,97,97.983,14.617,57,meters
1999,Myanmar,1000000263,Thaechaung,point,,,3,1,1996,1998,Anopheles stephensi,,m,,,,Anopheles stephensi,mb,0,abn,6,,,,,"Htay-Aung, Minn, S., Thaung, S., Mya, M.M., Than, S.M., Hlaing, T., Soe-Soe, Druilhe, P. and Queuche, F. (1999).  <b>Well-breeding <i>Anopheles</i> <i>dirus</i> and their role in malaria transmission in Myanmar.</b> <i>The Southeast Asian Journal of Tropical Medicine and Public Health</i>, <b>30</b>(3):447-53",10774650,97,97.932,14.633,15,meters
1999,Myanmar,1000000260,Eindayaza,point,,,3,1,1996,1998,Anopheles stephensi,,m,,,,Anopheles stephensi,mb,0,abn,3,,,,,"Htay-Aung, Minn, S., Thaung, S., Mya, M.M., Than, S.M., Hlaing, T., Soe-Soe, Druilhe, P. and Queuche, F. (1999).  <b>Well-breeding <i>Anopheles</i> <i>dirus</i> and their role in malaria transmission in Myanmar.</b> <i>The Southeast Asian Journal of Tropical Medicine and Public Health</i>, <b>30</b>(3):447-53",10774650,98,98.066,14.667,61,meters
1999,Myanmar,1000000261,Michaunglaung,point,,,3,1,1996,1998,Anopheles stephensi,,m,,,,Anopheles stephensi,mb,0,abn,0,,,,,"Htay-Aung, Minn, S., Thaung, S., Mya, M.M., Than, S.M., Hlaing, T., Soe-Soe, Druilhe, P. and Queuche, F. (1999).  <b>Well-breeding <i>Anopheles</i> <i>dirus</i> and their role in malaria transmission in Myanmar.</b> <i>The Southeast Asian Journal of Tropical Medicine and Public Health</i>, <b>30</b>(3):447-53",10774650,98,98.15,14.668,52,meters
2008,Thailand,1000008779,Phailom temple,point,,,8,8,2006,2006,Anopheles stephensi,,m,,,,Anopheles stephensi,co2,0,,,,,,,"Tiawsirisup, S., Sripatranusorn, S., Oraveerakul, K. and Nuchprayoon, S. (2008).  <b>Distribution of mosquito (Diptera: Culicidae) species and <i>Wolbachia</i> (Rickettsiales: Rickettsiaceae) infections during the bird immigration season in Pathumthani province, central Thailand.</b> <i>Parasitology Research</i>, <b>102</b>(4):731-5",18066693,100,100.5263,14.243,4,meters
,Sudan,,Tokar,point,,,10,2,2016,2018,Anopheles stephensi,,,DNA sequencing,,,Anopheles stephensi,,,,,,,,,pers com (Weetman),,37,37.72,18.42,22,meters
2011,Saudi Arabia,2146280547,Makkah,point,,,,,2005,2006,Anopheles stephensi,,m,,,,Anopheles stephensi,l,5,,,,,,,"Al Ahmad, A.M., Sallam, M.F., Khuriji, M.A., Kheir, S.M. and Azari-Hamidian, S. (2011).  <b>Checklist and pictorial key to fourth-instar larvae of mosquitoes (Diptera: Culicidae) of Saudi Arabia.</b> <i>Journal of Medical Entomology</i>, <b>48</b>(4):717-737",,39,39.7167,21.45,273,meters
2011,Saudi Arabia,2146280551,Taif,point,,,,,2005,2006,Anopheles stephensi,,m,,,,Anopheles stephensi,l,3,,,,,,,"Al Ahmad, A.M., Sallam, M.F., Khuriji, M.A., Kheir, S.M. and Azari-Hamidian, S. (2011).  <b>Checklist and pictorial key to fourth-instar larvae of mosquitoes (Diptera: Culicidae) of Saudi Arabia.</b> <i>Journal of Medical Entomology</i>, <b>48</b>(4):717-737",,40,40.4,21.2667,1695,meters
2011,Saudi Arabia,2146280538,Abha,point,,,,,2005,2006,Anopheles stephensi,,m,,,,Anopheles stephensi,l,1,,,,,,,"Al Ahmad, A.M., Sallam, M.F., Khuriji, M.A., Kheir, S.M. and Azari-Hamidian, S. (2011).  <b>Checklist and pictorial key to fourth-instar larvae of mosquitoes (Diptera: Culicidae) of Saudi Arabia.</b> <i>Journal of Medical Entomology</i>, <b>48</b>(4):717-737",,42,42.5,18.2167,2193,meters
2011,Saudi Arabia,2146280544,Dwadmi,point,,,,,2005,2006,Anopheles stephensi,,m,,,,Anopheles stephensi,l,0,,,,,,,"Al Ahmad, A.M., Sallam, M.F., Khuriji, M.A., Kheir, S.M. and Azari-Hamidian, S. (2011).  <b>Checklist and pictorial key to fourth-instar larvae of mosquitoes (Diptera: Culicidae) of Saudi Arabia.</b> <i>Journal of Medical Entomology</i>, <b>48</b>(4):717-737",,44,44.4167,24.5166,962,meters
2011,Saudi Arabia,2146280552,W. Al Dawasir,point,,,,,2005,2006,Anopheles stephensi,,m,,,,Anopheles stephensi,l,12,,,,,,,"Al Ahmad, A.M., Sallam, M.F., Khuriji, M.A., Kheir, S.M. and Azari-Hamidian, S. (2011).  <b>Checklist and pictorial key to fourth-instar larvae of mosquitoes (Diptera: Culicidae) of Saudi Arabia.</b> <i>Journal of Medical Entomology</i>, <b>48</b>(4):717-737",,45,45.7174,20.482,592,meters
2011,Saudi Arabia,2146280549,Riyadh,point,,,,,2005,2006,Anopheles stephensi,,m,,,,Anopheles stephensi,l,0,,,,,,,"Al Ahmad, A.M., Sallam, M.F., Khuriji, M.A., Kheir, S.M. and Azari-Hamidian, S. (2011).  <b>Checklist and pictorial key to fourth-instar larvae of mosquitoes (Diptera: Culicidae) of Saudi Arabia.</b> <i>Journal of Medical Entomology</i>, <b>48</b>(4):717-737",,46,46.7,24.5833,591,meters
2014,Pakistan,2146280710,Orangi,point,,,1,12,,,Anopheles stephensi,,m,,,,Anopheles stephensi,hri,1,,,,,,,"Shaikh, S, Kazmi, SJH and Qureshi, S. (2014).  <b>Monitoring the diversity of malaria and dengue vector in Karachi: studying variation of genera
and subgenera of mosquitoes under different
ecological conditions.</b> <b>3</b>(1):12",,66,66.9902,24.9506,67,meters
2014,Pakistan,2146280708,North Karachi,point,,,1,12,,,Anopheles stephensi,,m,,,,Anopheles stephensi,hri,1,,,,,,,"Shaikh, S, Kazmi, SJH and Qureshi, S. (2014).  <b>Monitoring the diversity of malaria and dengue vector in Karachi: studying variation of genera
and subgenera of mosquitoes under different
ecological conditions.</b> <b>3</b>(1):12",,67,67.0647,24.98,54,meters
2011,India,2146281452,Bhuj,point,,,,,2005,2007,Anopheles stephensi,,?,,,,Anopheles stephensi,l,,?,,,,,,"Tikar, SN, Mendki, MJ, Sharma, AK, Sukumaran, D, Veer, V, Prakash, S and Parashar, BD. (2011).  <b>Resistance status of the malaria vector mosquitoes, <i>Anopheles stephensi</i> and <i>Anopheles subpictus</i> towards adulticides and larvicides in arid and semi-arid areas of India.</b> <i>Journal of insect science (Online)</i>, <b>11</b>:85",21870971,69,69.8166,23.2502,120,meters
2011,India,2146281451,Jamnagar,point,,,,,2005,2007,Anopheles stephensi,,?,,,,Anopheles stephensi,l,,?,,,,,,"Tikar, SN, Mendki, MJ, Sharma, AK, Sukumaran, D, Veer, V, Prakash, S and Parashar, BD. (2011).  <b>Resistance status of the malaria vector mosquitoes, <i>Anopheles stephensi</i> and <i>Anopheles subpictus</i> towards adulticides and larvicides in arid and semi-arid areas of India.</b> <i>Journal of insect science (Online)</i>, <b>11</b>:85",21870971,70,70.1167,22.45,21,meters
2011,India,2146281114,Kanjari,point,,,,,,,Anopheles stephensi,,m,,,,Anopheles stephensi,l,,,,,,,,"Haq, S and Yadav, RS. (2011).  <b>Geographical distribution and evaluation of mosquito larvivorous potential of <i>Aphanius dispar</i> (RÃ¼ppell), a native fish of Gujarat, India.</b> <i>Journal of Vector Borne Diseases</i>, <b>48</b>(4):236-40",22297287,72,72.9182,22.6124,38,meters
2004,India,1000005732,"Calangute, Panaji and Porvorim",point,,,3,7,1998,1999,Anopheles stephensi,,?,,,,Anopheles stephensi,hri,,ro,,,,,,"Sumodan, P.K., Kumar, A. and Yadav, R.S. (2004).  <b>Resting behavior and malaria vector incrimination of <i>Anopheles stephensi</i> in Goa, India.</b> <i>Journal of the American Mosquito Control Association</i>, <b>20</b>(3):317-8",15532935,73,73.805,15.509,27,meters
2012,India,2146281247,Jalgaon,point,,,,,,,Anopheles stephensi,,m,,,,Anopheles stephensi,l,,,,,,,,"Patil, CD, Patil, SV, Borase, HP, Salunke, BK and Salunkhe, RB. (2012).  <b>Larvicidal activity of silver nanoparticles synthesized using Plumeria rubra plant latex against <i>Aedes aegypti</i> and <i>Anopheles stephensi</i>.</b> <i>Parasitology Research</i>, <b>110</b>(5):1815-22",22089086,76,76.5342,21.0483,307,meters
1992,India,1000006239,Vidisha town: Indira Complex pool & Railway over Bridge Cement Tank,point,,,10,9,1987,1988,Anopheles stephensi,,?,,,,Anopheles stephensi,l,,,,,,,,"Saxena, O.P., Kumar, M.L., Saxena, A., Sharma, M.C. and Saxena, R.C. (1992).  <b>Study on the physico-chemical characteristics of breeding grounds in relation to the population density of <i>Anopheles stephensi</i>.</b> <i>Journal of Communicable Diseases</i>, <b>24</b>(2):109-15",1344168,77,77.805,23.524,423,meters
2016,India,2146281682,Hyderabad,point,,,4,4,2012,2012,Anopheles stephensi,,m,dna,,,Anopheles stephensi,hri,,ard,,,,,,"Sharma, R, Sharma, A, Kumar, A, Dube, M and Gakhar, SK. (2016).  <b>Population genetic structure of urban malaria vector <i>Anopheles stephensi</i> in India.</b> <i>Infection, genetics and evolution : journal of molecular epidemiology and evolutionary genetics in infectious diseases</i>, <b>39</b>(1):35-44",26777030,78,78.4886,17.3878,503,meters
2014,India,2146281325,Jabalpur,point,,,,,,,Anopheles stephensi,,m,dna,,,Anopheles stephensi,?,,,,,,,,"Sharma, A, Deshmukh, A, Sharma, R, Kumar, A, Mukherjee, S, Chandra, GC and Gakhar, SK. (2014).  <b>Population genetic structure of malaria vector <i>Anopheles stephensi</i> using mitochondrial Cytochrome oxidase II gene in Indian populations.</b> <b>52</b>(10):996-1002",,79,79.946,23.168,408,meters
1989,India,30079,Bizadandi block,wide area,yes,ls,7,10,1987,1987,Anopheles stephensi,,m,,,,Anopheles stephensi,l,,,,,,,,"Singh, N., Singh, O.P. and Soan, V. (1989).  <b>Mosquito breeding in rice fields and its role in malaria transmission in Mandla district, M.P.</b> <i>Indian Journal of Malariology</i>, <b>26</b>(4):191-8",2576868,80,80.141,22.936,533,meters
2016,India,2146281542,Raipur city,point,,,,,2012,2012,Anopheles stephensi,,m,dna,,,Anopheles stephensi,l,,,,,,,,"Dykes, CL, Das, MK, Eapen, A, Batra, CP, Ghosh, SK, Vijayan, VA, Mishra, S and Singh, OP. (2016).  <b>Knockdown Resistance (kdr) Mutations in Indian <i>Anopheles stephensi</i> (Diptera: Culicidae) Populations.</b> <i>Journal of Medical Entomology</i>, <b>53</b>(2):315-20",26747858,81,81.63,21.25,295,meters
2016,India,2146281543,Karsidih,point,,,,,2012,2012,Anopheles stephensi,,m,dna,,,Anopheles stephensi,hri,,ard,,,,,,"Dykes, CL, Das, MK, Eapen, A, Batra, CP, Ghosh, SK, Vijayan, VA, Mishra, S and Singh, OP. (2016).  <b>Knockdown Resistance (kdr) Mutations in Indian <i>Anopheles stephensi</i> (Diptera: Culicidae) Populations.</b> <i>Journal of Medical Entomology</i>, <b>53</b>(2):315-20",26747858,85,85.33,23.35,638,meters
2016,India,2146281685,Burdwan,point,,,8,8,2012,2012,Anopheles stephensi,,m,dna,,,Anopheles stephensi,hri,,ard,,,,,,"Sharma, R, Sharma, A, Kumar, A, Dube, M and Gakhar, SK. (2016).  <b>Population genetic structure of urban malaria vector <i>Anopheles stephensi</i> in India.</b> <i>Infection, genetics and evolution : journal of molecular epidemiology and evolutionary genetics in infectious diseases</i>, <b>39</b>(1):35-44",26777030,87,87.8667,23.2333,34,meters
1987,India,1000004015,Chetla (Calcutta),point,yes,combination,1,1,1986,1986,Anopheles stephensi,,?,,,,Anopheles stephensi,ro,,l,,?,30,,,"Choudhuri, S.K. and Sen, A.K. (1987).  <b>Incrimination of <i>Anopheles stephensi</i> Liston as malaria vector in Calcutta.</b> <i>Indian Journal of Malariology</i>, <b>24</b>(2):183-5",3452553,88,88.344,22.518,11,meters
2004,Myanmar,1000000166,10th miles,point,,,5,3,1998,2000,Anopheles stephensi,,m,,,,Anopheles stephensi,mbi,,mbo,,abn,,hri,,"Ool, T.T., Storch, V. and Becker, N. (2004).  <b>Review of the anopheline mosquitoes of Myanmar.</b> <i>Journal of Vector Ecology</i>, <b>29</b>(1):21-40",15266738,92,92.367,20.817,2,meters
2004,Myanmar,1000000167,Minbya Town,point,,,5,3,1998,2000,Anopheles stephensi,,m,,,,Anopheles stephensi,mbi,,mbo,,abn,,hri,,"Ool, T.T., Storch, V. and Becker, N. (2004).  <b>Review of the anopheline mosquitoes of Myanmar.</b> <i>Journal of Vector Ecology</i>, <b>29</b>(1):21-40",15266738,93,93.2667,20.3667,13,meters
2004,Myanmar,1000000122,Boke-kann,point,,,5,3,1998,2000,Anopheles stephensi,,m,,,,Anopheles stephensi,mbi,,mbo,,abn,,hri,,"Ool, T.T., Storch, V. and Becker, N. (2004).  <b>Review of the anopheline mosquitoes of Myanmar.</b> <i>Journal of Vector Ecology</i>, <b>29</b>(1):21-40",15266738,94,94.312,24.214,177,meters
2004,Myanmar,1000000099,Aungpintha,point,,,5,3,1998,2000,Anopheles stephensi,,m,,,,Anopheles stephensi,mbi,,mbo,,abn,,hri,,"Ool, T.T., Storch, V. and Becker, N. (2004).  <b>Review of the anopheline mosquitoes of Myanmar.</b> <i>Journal of Vector Ecology</i>, <b>29</b>(1):21-40",15266738,95,95.815,20.879,244,meters
2004,Myanmar,1000000091,Shwesaryan,point,,,5,3,1998,2000,Anopheles stephensi,,m,,,,Anopheles stephensi,mbi,,mbo,,abn,,hri,,"Ool, T.T., Storch, V. and Becker, N. (2004).  <b>Review of the anopheline mosquitoes of Myanmar.</b> <i>Journal of Vector Ecology</i>, <b>29</b>(1):21-40",15266738,96,96.159,22.103,90,meters
2015,Myanmar,2146279823,Simsa Lawk,point,,,4,9,2012,2014,Anopheles stephensi,,m,,,,Anopheles stephensi,ilt,,,,,,,,"Wang, Y, Zhong, D, Cui, L, Lee, MC, Yang, Z, Yan, G and Zhou, G. (2015).  <b>Population dynamics and community structure of <i>Anopheles</i> mosquitoes along the China-Myanmar border.</b> <i>Parasites & Vectors</i>, <b>8</b>(1):445",26338527,97,97.5696,24.7723,502,meters
2014,Thailand,2146279679,Ban Tham Suea,point,,,2,1,2011,2013,Anopheles stephensi,,m,,,,Anopheles stephensi,mbi,,mbo,,abo,,,,"Tainchum, K, Ritthison, W, Chuaycharoensuk, T, Bangs, MJ, Manguin, S and Chareonviriyaphap, T. (2014).  <b>Diversity of <i>Anopheles</i> species and trophic behavior of putative malaria vectors in two malaria endemic areas of northwestern Thailand.</b> <i>Journal of vector ecology : journal of the Society for Vector Ecology</i>, <b>39</b>(2):424-36",25424272,98,98.6814,16.6763,466,meters
2004,Myanmar,1000000187,Kengtung Town,point,,,5,3,1998,2000,Anopheles stephensi,,m,,,,Anopheles stephensi,mbi,,mbo,,abn,,hri,,"Ool, T.T., Storch, V. and Becker, N. (2004).  <b>Review of the anopheline mosquitoes of Myanmar.</b> <i>Journal of Vector Ecology</i>, <b>29</b>(1):21-40",15266738,99,99.609,21.29,792,meters
2011,Saudi Arabia,2146280550,Tabouk,point,,,,,2005,2006,Anopheles stephensi,,m,,,,Anopheles stephensi,l,0,,,,,,,"Al Ahmad, A.M., Sallam, M.F., Khuriji, M.A., Kheir, S.M. and Azari-Hamidian, S. (2011).  <b>Checklist and pictorial key to fourth-instar larvae of mosquitoes (Diptera: Culicidae) of Saudi Arabia.</b> <i>Journal of Medical Entomology</i>, <b>48</b>(4):717-737",,36,36.5667,28.3833,764,meters
2011,Saudi Arabia,2146280543,Bureidah,point,,,,,2005,2006,Anopheles stephensi,,m,,,,Anopheles stephensi,l,0,,,,,,,"Al Ahmad, A.M., Sallam, M.F., Khuriji, M.A., Kheir, S.M. and Azari-Hamidian, S. (2011).  <b>Checklist and pictorial key to fourth-instar larvae of mosquitoes (Diptera: Culicidae) of Saudi Arabia.</b> <i>Journal of Medical Entomology</i>, <b>48</b>(4):717-737",,43,43.9833,26.3167,606,meters
1986,Iraq,1000007834,Yousifiyah Nahia,point,yes,irs,12,12,1985,1985,Anopheles stephensi,,?,,,,Anopheles stephensi,?,,,,,,,,"Abul-hab, J. and al-Kassal, S.M. (1986).  <b>Impact of anti-malaria spraying on the occurrence of <i>Anopheles</i> (Diptera, Culicidae) in Iraq.</b> <i>Bulletin of Endemic Diseases</i>, <b>27</b>(1-4):37-51",,44,44.091,33.144,40,meters
2014,Iran,2146280823,Dare Morad Beik (Darre Morad Beyk),point,,,5,10,2013,2013,Anopheles stephensi,,m,,,,Anopheles stephensi,l,0,abn,0,hbn,0,hri,0,"Zahirnia, A.H. and Zendehfili, H. (2014).  <b>Mosquito Fauna (Diptera: Culicidae) of Hamedan County, Western Iran.</b> <b>8</b>(2):212-218",,48,48.5074,34.752,2265,meters
2015,Iran,2146280737,Hadid,point,,,5,11,2012,2012,Anopheles stephensi,,m,,,,Anopheles stephensi,l,218,hri,259,,,,,"Farhadinejad, R, Mousavi, M and Amraee, R. (2015).  <b>The species composition of mosquitoes (Diptera: Culicidae) in the Mahshahr district, Khuzestan province, southwest of Iran.</b> <b>70</b>(2):89-95",,49,49.2836,30.7982,16,meters
2011,Saudi Arabia,2146280539,Al Dammam,point,,,,,2005,2006,Anopheles stephensi,,m,,,,Anopheles stephensi,l,12,,,,,,,"Al Ahmad, A.M., Sallam, M.F., Khuriji, M.A., Kheir, S.M. and Azari-Hamidian, S. (2011).  <b>Checklist and pictorial key to fourth-instar larvae of mosquitoes (Diptera: Culicidae) of Saudi Arabia.</b> <i>Journal of Medical Entomology</i>, <b>48</b>(4):717-737",,50,50.1667,26.3833,11,meters
2006,Iran,1000007031,Kazeron,point,,,,,,,Anopheles stephensi,,m,pcr,dna,,Anopheles stephensi,ro,,mb,,ard,,hri,,"Oshaghi, M.A., Yaaghoobi, F. and Abaie, M.R. (2006).  <b>Pattern of mitochondrial DNA variation between and within <i>Anopheles stephensi</i> (Diptera: Culicidae) biological forms suggests extensive gene flow.</b> <i>Acta Tropica</i>, <b>99</b>(2-3):226-33",16989757,51,51.3481,30.4755,1262,meters
2010,Iran,2146280714,Abu-Musa,wide area,,,3,4,2005,2007,Anopheles stephensi,,m,,,,Anopheles stephensi,hri,0,mb,0,l,0,,,"Azari-Hamidian, S, Linton, YM, Abai, MR, Ladonni, H, Oshaghi, MA, Hanafi-Bojd, AA, Moosa-Kazemi, SH, Shabkhiz, H, Pakari, A and Harbach, RE. (2010).  <b>Mosquito (Diptera: Culicidae) fauna of the Iranian islands in the Persian Gulf.</b> <b>44</b>(15-16):913-925",,55,55.0342,25.8756,-5,meters
2006,Iran,1000003351,Kooveh (mountainous region),point,,,4,4,2002,2002,Anopheles stephensi,,m,,,,Anopheles stephensi,ard,,hri,,l,,mbi,,"Vatandoost, H., Oshaghi, M.A., Abaie, M.R., Shahi, M., Yaaghoobi, F., Baghaii, M., Hanafi-Bojd, A.A., Zamani, G. and Townson, H. (2006).  <b>Bionomics of <i>Anopheles stephensi</i> Liston in the malarious area of Hormozgan province, southern Iran, 2002.</b> <i>Acta Tropica</i>, <b>97</b>(2):196-203",16329986,56,56.333,27.751,617,meters
2012,Iran,1000019158,Sardasht,point,,,,,2010,2010,Anopheles stephensi,,m,,,,Anopheles stephensi,hri,,ro,,,,,,"Hanafi-Bojd, A.A., Vatandoost, H., Oshaghi, M.A., Haghdoost, A.A., Shahi, M., Sedaghat, M.M., Abedi, F., Yeryan, M. and Pakari, A. (2012).  <b>Entomological and epidemiological attributes for malaria transmission and implementation of vector control in southern Iran.</b> <i>Acta Tropica</i>, <b>121</b>(2):85-92",21570940,57,57.9,26.35,907,meters
2012,Iran,2146280793,Daranar,point,no,,7,7,2009,2010,Anopheles stephensi,,m,,,,Anopheles stephensi,ro,3,hri,26,mb,4,l,43,"Soleimani-Ahmadi, M, Vatandoost, H, Shaeghi, M, Raeisi, A, Abedi, F, Eshraghian, MR, Madani, A, Safari, R, Shahi, M, Mojahedi, A and Poorahmad-Garbandi, F. (2012).  <b>Vector ecology and susceptibility in a malaria-endemic focus in southern Islamic Republic of Iran.</b> <i>Eastern Mediterranean health journal = La revue de santÃ© de la MÃ©diterranÃ©e orientale = al-Majallah al-á¹£iá¸¥á¸¥Ä«yah li-sharq al-mutawassiá¹­</i>, <b>18</b>(10):1034-41",23301358,58,58.3833,26.25,438,meters
2006,Iran,1000007036,Nickshahr,wide area,,,,,,,Anopheles stephensi,,m,pcr,dna,,Anopheles stephensi,ro,,mb,,ard,,hri,,"Oshaghi, M.A., Yaaghoobi, F. and Abaie, M.R. (2006).  <b>Pattern of mitochondrial DNA variation between and within <i>Anopheles stephensi</i> (Diptera: Culicidae) biological forms suggests extensive gene flow.</b> <i>Acta Tropica</i>, <b>99</b>(2-3):226-33",16989757,59,59.8859,27.3632,429,meters
2006,Iran,1000005776,Iranshahr,point,,,4,10,2002,2002,Anopheles stephensi,,m,,,,Anopheles stephensi,ard,,hri,,,,,,"Djadid, N.D., Gholizadeh, S., Aghajari, M., Zehi, A.H., Raeisi, A. and Zakeri, S. (2006).  <b>Genetic analysis of rDNA-ITS2 and RAPD loci in field populations of the malaria vector, <i>Anopheles stephensi</i> (Diptera: Culicidae): implications for the control program in Iran.</b> <i>Acta Tropica</i>, <b>97</b>(1):65-74",16188214,60,60.689,27.207,586,meters
2006,Iran,1000005779,Khash,point,,,4,10,2002,2002,Anopheles stephensi,,m,,,,Anopheles stephensi,ard,,hri,,,,,,"Djadid, N.D., Gholizadeh, S., Aghajari, M., Zehi, A.H., Raeisi, A. and Zakeri, S. (2006).  <b>Genetic analysis of rDNA-ITS2 and RAPD loci in field populations of the malaria vector, <i>Anopheles stephensi</i> (Diptera: Culicidae): implications for the control program in Iran.</b> <i>Acta Tropica</i>, <b>97</b>(1):65-74",16188214,61,61.207,28.226,1386,meters
2014,Pakistan,2146280700,Gadap,point,,,1,12,,,Anopheles stephensi,,m,,,,Anopheles stephensi,hri,0,,,,,,,"Shaikh, S, Kazmi, SJH and Qureshi, S. (2014).  <b>Monitoring the diversity of malaria and dengue vector in Karachi: studying variation of genera
and subgenera of mosquitoes under different
ecological conditions.</b> <b>3</b>(1):12",,67,67.2605,25.1133,142,meters
1996,Pakistan,30298,Wadja Ghora,point,no,,9,9,1989,1989,Anopheles stephensi,,?,,,,Anopheles stephensi,hri,,owt,,,,,,"Bouma, M.J., Parvez, S.D., Nesbit, R. and Winkler, A.M. (1996).  <b>Malaria control using permethrin applied to tents of nomadic Afghan refugees in northern Pakistan.</b> <i>Bulletin of the World Health Organization</i>, <b>74</b>(4):413-21",8823964,69,69.592,32.318,1445,meters
2013,Pakistan,2146280689,Rajinpur Kot Methan Road,point,,,6,9,2011,2011,Anopheles stephensi,,m,,,,Anopheles stephensi,hri,,ard,,,,,,"Rathor, HR, Nadeem, G and Khan, IA. (2013).  <b>Pesticide susceptibility status of <i>Anopheles</i> mosquitoes in four flood-affected districts of South Punjab, Pakistan.</b> <i>Vector borne and zoonotic diseases (Larchmont, N.Y.)</i>, <b>13</b>(1):60-6",23199276,70,70.1806,28.8714,86,meters
2004,Pakistan,30279,Adizai refugee settlement,point,no,,7,7,1999,1999,Anopheles stephensi,,?,,,,Anopheles stephensi,hri,,ard,,olt,,,,"Rowland, M., Downey, G., Rab, A., Freeman, T., Mohammad, N., Rehman, H., Durrani, N., Reyburn, H., Curtis, C., Lines, J. and Fayaz, M. (2004).  <b>DEET mosquito repellent provides personal protection against malaria: a household randomized trial in an Afghan refugee camp in Pakistan.</b> <i>Tropical Medicine & International Health</i>, <b>9</b>(3):335-42",14996362,71,71.532,34.101,319,meters
2014,Pakistan,2146280646,Kotan Adda,point,,,11,11,2012,2012,Anopheles stephensi,,m,pcr,,,Anopheles stephensi,?,,,,,,,,"Ashfaq, M, Herbert, PD, Mirza, JH, Khan, AM, Zafar, Y and Mirza, MS. (2014).  <b>Analyzing mosquito (Diptera: culicidae) diversity in Pakistan by DNA barcoding.</b> <i>PloS One</i>, <b>9</b>(5):e97268",,72,72.877,30.98,169,meters
2014,Pakistan,2146280676,Kashmir Point,point,,,,,2012,2013,Anopheles stephensi,,m,,,,Anopheles stephensi,hri,0,ro,0,,,,,"Qasim, M, Naeem, M and Bodlah, I. (2014).  <b>Mosquito (Diptera: Culicidae) of Murree Hills, Punjab, Pakistan.</b> <i>Pakistan Journal of Zoology</i>, <b>46</b>(2):523-529",,73,73.3999,33.9,1761,meters
1998,India,1000006056,Ferozpur,point,,,,,1995,1995,Anopheles stephensi,,?,,,,Anopheles stephensi,ard,,hri,,,,,,"Thapar, B.R., Sharma, S.N., Dasgupta, R.K., Kaul, S.M., Bali, A., Chhabra, K. and Lal, S. (1998).  <b>Blood meal identification by using Microdot ELISA in vector mosquitoes.</b> <i>Journal of Communicable Diseases</i>, <b>30</b>(4):283-7",10810570,74,74.616,30.918,196,meters
1991,India,1000005500,Jaipur district (38 villages),wide area,,,11,2,1986,1987,Anopheles stephensi,,m,,,,Anopheles stephensi,hri,,,,,,,,"Verma, K.V., Joshi, V. and Bansal, S.K. (1991).  <b>Studies on mosquito vector species in indoor habitats of desert and non-desert regions of Rajasthan.</b> <i>Journal of Communicable Diseases</i>, <b>23</b>(4):263-9",1842809,75,75.804,26.914,438,meters
2010,India,2146281481,Alwar,point,,,,,,,Anopheles stephensi,,m,dna,,,Anopheles stephensi,hri,0,,,,,,,"Vipin, Dube, M and Gakhar, SK. (2010).  <b>Gene flow in malaria vector <i>Anopheles stephensi</i> (Diptera: Culicidae) across the Aravalli Hills in North-west India.</b> <i>Entomological Research</i>, <b>40</b>(2):85-96",,76,76.6326,27.5516,264,meters
1986,India,1000014997,"R. K. Puram Sec. 5,6,8,9 and 12",point,,,8,8,1985,1985,Anopheles stephensi,,?,,,,Anopheles stephensi,l,30,,,,,,,"Sharma, V.P., Sharma, G.K., Ansari, M.A., Mittal, P.K., Razdan, R.K. and Batra, C.P. (1986).  <b>Impact of malathion thermal fogging on mosquito populations in Delhi and its place in malaria control.</b> <i>Indian Journal of Malariology</i>, <b>23</b>(1):65-7",3758441,77,77.183,28.561,235,meters
2006,India,1000005783," BHEL (industrial comples, Hardwar)",wide area,,,,,,,Anopheles stephensi,,?,,,,Anopheles stephensi,l,,,,,,,,"Dua, V.K., Pandey, A.C., Alam, M.E. and Dash, A.P. (2006).  <b>Larvicidal activity of <i>Hibiscus abelmoschus</i> Linn. (Malvaceae) against mosquitoes.</b> <i>Journal of the American Mosquito Control Association</i>, <b>22</b>(1):155-7",16646343,78,78.1042,29.9462,330,meters
1998,India,1000003348,Matkota & Tilpuri,wide area,,,4,3,1992,1994,Anopheles stephensi,,m,,,,Anopheles stephensi,ard,,hri,,l,,mbi,,"Shukla, R.P., Nanda, N., Pandey, A.C., Kohli, V.K., Joshi, H. and Subbarao, S.K. (1998).  <b>Studies on bionomics of <i>Anopheles fluviatilis</i> and its sibling species in Nainital district, U.P.</b> <i>Indian Journal of Malariology</i>, <b>35</b>(2):41-7",10448226,79,79.328,29.0681,229,meters
2004,India,1000014831,Military station in Allahabad 1 (intervention),wide area,yes,combination,1,12,1999,2001,Anopheles stephensi,,?,,,,Anopheles stephensi,?,,,,,,,,"Deswal, B.S., Bhatnagar, D., Tilak, R. and Basannar, D.R. (2004).  <b>Malaria control using deltamethrin impregnated bed nets in a cantonment area at Allahabad (U. P.).</b> <i>Journal of Communicable Diseases</i>, <b>36</b>(3):171-6",16509253,81,81.848,25.447,96,meters
2004,Myanmar,1000000204,Mawphaung,point,,,5,3,1998,2000,Anopheles stephensi,,m,,,,Anopheles stephensi,mbi,,mbo,,abn,,hri,,"Ool, T.T., Storch, V. and Becker, N. (2004).  <b>Review of the anopheline mosquitoes of Myanmar.</b> <i>Journal of Vector Ecology</i>, <b>29</b>(1):21-40",15266738,97,97.281,25.319,135,meters
9/1/12 0:00,,,,,,,,,,,,,,,,,,,,,,,,,,GBIF,,,43.23,11.48,7,meters
9/2/12 0:00,,,,,,,,,,,,,,,,,,,,,,,,,,GBIF,,,43.2311,11.4772,7,meters
12/13/16 0:00,,,,,,,,,,,,,,,,,,,,,,,,,,GBIF,,,44.27,6.73,526,meters
12/13/16 0:00,,,,,,,,,,,,,,,,,,,,,,,,,,GBIF,,,44.2667,6.73333,526,meters
3/11/15 0:00,,,,,,,,,,,,,,,,,,,,,,,,,,GBIF,,,76.690002,11.4,2200,meters
11/12/17 0:00,,,,,,,,,,,,,,,,,,,,,,,,,,GBIF,,,76.95,11.02,433,meters
3/15/18 0:00,,,,,,,,,,,,,,,,,,,,,,,,,,GBIF,,,76.349998,11.18,261,meters
12/10/17 0:00,,,,,,,,,,,,,,,,,,,,,,,,,,GBIF,,,77.71,11.34,172,meters
3/19/18 0:00,,,,,,,,,,,,,,,,,,,,,,,,,,GBIF,,,77.17,9.42,1124,meters
3/16/18 0:00,,,,,,,,,,,,,,,,,,,,,,,,,,GBIF,,,77.57,10.22,1138,meters
3/6/18 0:00,,,,,,,,,,,,,,,,,,,,,,,,,,GBIF,,,78.13,12.3,478,meters
1/20/18 0:00,,,,,,,,,,,,,,,,,,,,,,,,,,GBIF,,,78.14,11.66,270,meters
3/21/18 0:00,,,,,,,,,,,,,,,,,,,,,,,,,,GBIF,,,78.24,9.91,115,meters
4/6/17 0:00,,,,,,,,,,,,,,,,,,,,,,,,,,GBIF,,,79.84,9.07,2,meters
4/6/17 0:00,,,,,,,,,,,,,,,,,,,,,,,,,,GBIF,,,79.839996,9.08,2,meters
4/6/17 0:00,,,,,,,,,,,,,,,,,,,,,,,,,,GBIF,,,79.839996,9.07,2,meters
,,,,,,,,,,,,,,,,,,,,,,,,,,GBIF,,,80.017,12.8881,35,meters
2/1/18 0:00,,,,,,,,,,,,,,,,,,,,,,,,,,GBIF,,,55.74,24.175,277,meters
2/1/18 0:00,,,,,,,,,,,,,,,,,,,,,,,,,,GBIF,,,55.740002,24.18,277,meters
3/22/14 0:00,,,,,,,,,,,,,,,,,,,,,,,,,,GBIF,,,72.873,22.678,39,meters
6/15/16 0:00,,,,,,,,,,,,,,,,,,,,,,,,,,GBIF,,,78.4378,17.3752,515,meters
6/15/16 0:00,,,,,,,,,,,,,,,,,,,,,,,,,,GBIF,,,78.440002,17.379999,515,meters
,,,,,,,,,,,,,,,,,,,,,,,,,,GBIF,,,84.7941,19.315,25,meters
,,,,,,,,,,,,,,,,,,,,,,,,,,GBIF,,,84.883,19.3017,24,meters
8/8/17 0:00,,,,,,,,,,,,,,,,,,,,,,,,,,GBIF,,,84.879997,19.299999,24,meters
,,,,,,,,,,,,,,,,,,,,,,,,,,GBIF,,,-79.98,32.77,6,meters
1/17/19 0:00,,,,,,,,,,,,,,,,,,,,,,,,,,GBIF,,,51.369999,25.469999,17,meters
5/15/10 0:00,,,,,,,,,,,,,,,,,,,,,,,,,,GBIF,,,71.488,34.008,359,meters
4/22/07 0:00,,,,,,,,,,,,,,,,,,,,,,,,,,GBIF,,,71.43,30.200001,125,meters
5/29/10 0:00,,,,,,,,,,,,,,,,,,,,,,,,,,GBIF,,,71.699997,34.139999,298,meters
3/21/13 0:00,,,,,,,,,,,,,,,,,,,,,,,,,,GBIF,,,72.669998,31.139999,166,meters
11/16/12 0:00,,,,,,,,,,,,,,,,,,,,,,,,,,GBIF,,,72.969,31.081,173,meters
11/3/12 0:00,,,,,,,,,,,,,,,,,,,,,,,,,,GBIF,,,72.879997,30.98,169,meters
11/2/12 0:00,,,,,,,,,,,,,,,,,,,,,,,,,,GBIF,,,73.019997,30.66,167,meters
11/2/12 0:00,,,,,,,,,,,,,,,,,,,,,,,,,,GBIF,,,73.018,30.661,167,meters
9/21/12 0:00,,,,,,,,,,,,,,,,,,,,,,,,,,GBIF,,,73.919998,31.690001,205,meters
9/11/12 0:00,,,,,,,,,,,,,,,,,,,,,,,,,,GBIF,,,74.269997,31.48,210,meters
9/12/12 0:00,,,,,,,,,,,,,,,,,,,,,,,,,,GBIF,,,74.254,31.493,208,meters
9/12/12 0:00,,,,,,,,,,,,,,,,,,,,,,,,,,GBIF,,,74.266,31.491,210,meters