gbifID,datasetKey,occurrenceID,kingdom,phylum,class,order,family,genus,species,infraspecificEpithet,taxonRank,scientificName,verbatimScientificName,verbatimScientificNameAuthorship,countryCode,locality,stateProvince,occurrenceStatus,individualCount,publishingOrgKey,coordinateUncertaintyInMeters,coordinatePrecision,elevation,elevationAccuracy,depth,depthAccuracy,eventDate,day,month,year,taxonKey,speciesKey,basisOfRecord,institutionCode,collectionCode,catalogNumber,recordNumber,identifiedBy,dateIdentified,license,rightsHolder,recordedBy,typeStatus,establishmentMeans,lastInterpreted,mediaType,issue,LongitudeF,Longitude,Latitude,elev_units
4050507386,f553f8f9-b147-4f09-86e5-0d1ce1a91ce0,c3687349-6607-431c-9890-115fa48626ea,Animalia,Arthropoda,Insecta,Diptera,Culicidae,Culex,Culex annulirostris,,SPECIES,"Culex annulirostris Skuse, 1889","Culex annulirostris Skuse, 1889",,WF,,,PRESENT,,1928bdf0-f5d2-11dc-8c12-b8a03c50a862,111214,,-2113,,,,,,,,1652660,1652660,HUMAN_OBSERVATION,,,,,,,CC_BY_4_0,,,,,2023-03-08T14:36:38.286Z,,COUNTRY_MISMATCH,-177,-177.08021,-13.75548,meters
177214723,88e38292-f762-11e1-a439-00145eb45e9a,,Animalia,Arthropoda,Insecta,Diptera,Culicidae,Culex,Culex annulirostris,,SPECIES,"Culex annulirostris Skuse, 1889",Culex annulirostris,,WS,Asau:,No data,PRESENT,,5ab24120-de25-11dc-9a41-b8a03c50a862,,,-36,,,,1968-12-01T00:00:00Z,,12,1968,1652660,1652660,PRESERVED_SPECIMEN,UQIC,UQIC,20494,,,,CC_BY_4_0,,No data,,,2023-05-23T02:57:15.634Z,,GEODETIC_DATUM_ASSUMED_WGS84;CONTINENT_DERIVED_FROM_COORDINATES;COLLECTION_MATCH_NONE;INSTITUTION_MATCH_FUZZY,-172,-172.6167,-13.45,meters
177214700,88e38292-f762-11e1-a439-00145eb45e9a,,Animalia,Arthropoda,Insecta,Diptera,Culicidae,Culex,Culex annulirostris,,SPECIES,"Culex annulirostris Skuse, 1889",Culex annulirostris,,WS,Upolu:Mulifanua,No data,PRESENT,,5ab24120-de25-11dc-9a41-b8a03c50a862,,,44,,,,1956-01-01T00:00:00Z,,1,1956,1652660,1652660,PRESERVED_SPECIMEN,UQIC,UQIC,30776,,,,CC_BY_4_0,,No data,,,2023-05-23T02:57:12.759Z,,GEODETIC_DATUM_ASSUMED_WGS84;CONTINENT_DERIVED_FROM_COORDINATES;COLLECTION_MATCH_NONE;INSTITUTION_MATCH_FUZZY,-171,-171.9833,-13.8333,meters
3091657318,14f3151a-e95d-493c-a40d-d9938ef62954,urn:catalog:CAS:ENT:8478476,Animalia,Arthropoda,Insecta,Diptera,Culicidae,Culex,Culex annulirostris,,SPECIES,"Culex annulirostris Skuse, 1889","Culex annulirostris Skuse, 1889","Skuse, 1889",AS,Tutuila,,PRESENT,1,66522820-055c-11d8-b84e-b8a03c50a862,21129,,112,,,,1945-01-04T00:00:00Z,4,1,1945,1652660,1652660,PRESERVED_SPECIMEN,CASC,CASENT,CASENT8478476,,J.N. Belkin,,CC0_1_0,,,,,2023-05-22T00:06:21.752Z,,GEODETIC_DATUM_ASSUMED_WGS84;CONTINENT_DERIVED_FROM_COORDINATES;OCCURRENCE_STATUS_INFERRED_FROM_INDIVIDUAL_COUNT,-170,-170.732529,-14.325755,meters
4017653735,6a0a95c6-c07a-4c35-9e9f-f776e8730fd4,https://data.biodiversitydata.nl/naturalis/specimen/RMNH.INS.1599904,Animalia,Arthropoda,Insecta,Diptera,Culicidae,Culex,Culex annulirostris,,SPECIES,"Culex annulirostris Skuse, 1889","Culex annulirostris Skuse, 1889","Skuse, 1889",ID,"North East Soumba, Kambera",East Nusa Tenggara,PRESENT,,396d5f30-dea9-11db-8ab4-b8a03c50a862,11255,,97,,,,,,,,1652660,1652660,PRESERVED_SPECIMEN,,Diptera,RMNH.INS.1599904,,,,CC0_1_0,Naturalis Biodiversity Center,Dr. Dammerman Buitenzorg,,,2023-05-24T02:33:06.281Z,,COORDINATE_ROUNDED;CONTINENT_DERIVED_FROM_COORDINATES;INSTITUTION_MATCH_FUZZY;INSTITUTION_COLLECTION_MISMATCH,120,120.262265,-9.702333,meters
4017641930,6a0a95c6-c07a-4c35-9e9f-f776e8730fd4,https://data.biodiversitydata.nl/naturalis/specimen/RMNH.INS.1592245,Animalia,Arthropoda,Insecta,Diptera,Culicidae,Culex,Culex annulirostris,,SPECIES,"Culex annulirostris Skuse, 1889","Culex annulirostris Skuse, 1889","Skuse, 1889",ID,,East Nusa Tenggara,PRESENT,,396d5f30-dea9-11db-8ab4-b8a03c50a862,46113,,1030,,,,,,,,1652660,1652660,PRESERVED_SPECIMEN,,Diptera,RMNH.INS.1592245,,,,CC0_1_0,Naturalis Biodiversity Center,Prof. Rodenwaldt,,,2023-05-24T02:33:13.243Z,,COORDINATE_ROUNDED;CONTINENT_DERIVED_FROM_COORDINATES;INSTITUTION_MATCH_FUZZY;INSTITUTION_COLLECTION_MISMATCH,124,124.740476,-8.291119,meters
177213457,88e38292-f762-11e1-a439-00145eb45e9a,,Animalia,Arthropoda,Insecta,Diptera,Culicidae,Culex,Culex annulirostris,,SPECIES,"Culex annulirostris Skuse, 1889",Culex annulirostris,,AU,Kalumburu:,Western Australia,PRESENT,,5ab24120-de25-11dc-9a41-b8a03c50a862,,,16,,,,1953-07-01T00:00:00Z,,7,1953,1652660,1652660,PRESERVED_SPECIMEN,UQIC,UQIC,30570,,,,CC_BY_4_0,,No data,,,2023-05-23T02:57:17.696Z,,GEODETIC_DATUM_ASSUMED_WGS84;CONTINENT_DERIVED_FROM_COORDINATES;COLLECTION_MATCH_NONE;INSTITUTION_MATCH_FUZZY,126,126.63333,-14.3,meters
177213473,88e38292-f762-11e1-a439-00145eb45e9a,,Animalia,Arthropoda,Insecta,Diptera,Culicidae,Culex,Culex annulirostris,,SPECIES,"Culex annulirostris Skuse, 1889",Culex annulirostris,,AU,Port Keats:,Northern Territory,PRESENT,,5ab24120-de25-11dc-9a41-b8a03c50a862,,,0,,,,1971-01-01T00:00:00Z,,1,1971,1652660,1652660,PRESERVED_SPECIMEN,UQIC,UQIC,30715,,,,CC_BY_4_0,,No data,,,2023-05-23T02:57:15.625Z,,GEODETIC_DATUM_ASSUMED_WGS84;CONTINENT_DERIVED_FROM_COORDINATES;COLLECTION_MATCH_NONE;INSTITUTION_MATCH_FUZZY,129,129.55,-14.1,meters
177213420,88e38292-f762-11e1-a439-00145eb45e9a,,Animalia,Arthropoda,Insecta,Diptera,Culicidae,Culex,Culex annulirostris,,SPECIES,"Culex annulirostris Skuse, 1889",Culex annulirostris,,AU,Darwin:Marrara swamp,Northern Territory,PRESENT,,5ab24120-de25-11dc-9a41-b8a03c50a862,,,33,,,,1950-05-01T00:00:00Z,,5,1950,1652660,1652660,PRESERVED_SPECIMEN,UQIC,UQIC,30678,,,,CC_BY_4_0,,No data,,,2023-05-23T02:57:17.696Z,,GEODETIC_DATUM_ASSUMED_WGS84;CONTINENT_DERIVED_FROM_COORDINATES;COLLECTION_MATCH_NONE;INSTITUTION_MATCH_FUZZY,130,130.91667,-12.41667,meters
2446092900,beed1b50-8c73-11dc-aaed-b8a03c50a862,fbe2e4dc-42d1-4092-b0a7-d85517ddb8f3,Animalia,Arthropoda,Insecta,Diptera,Culicidae,Culex,Culex annulirostris,,SPECIES,"Culex annulirostris Skuse, 1889",Culex (Culex) annulirostris,"Skuse, 1889",AU,"Margaret River, Marrakai Stn.",Northern Territory,PRESENT,1,64bd66c1-e7d3-48d0-9462-488729aed122,10000,,9,,,,1929-07-28T00:00:00Z,28,7,1929,1652660,1652660,PRESERVED_SPECIMEN,CSIRO,ANIC,29-058104-321,,"Lee,D.J.",,CC_BY_4_0,,"Mackerras;, I.M.;Campbell;, T.G.",,,2023-05-22T16:51:55.523Z,,CONTINENT_DERIVED_FROM_COORDINATES;RECORDED_DATE_INVALID;COLLECTION_MATCH_NONE;INSTITUTION_MATCH_FUZZY,131,131.366667,-12.783333,meters
177213539,88e38292-f762-11e1-a439-00145eb45e9a,,Animalia,Arthropoda,Insecta,Diptera,Culicidae,Culex,Culex annulirostris,,SPECIES,"Culex annulirostris Skuse, 1889",Culex annulirostris,,AU,Mudginberri:,Northern Territory,PRESENT,,5ab24120-de25-11dc-9a41-b8a03c50a862,,,17,,,,1971-03-01T00:00:00Z,,3,1971,1652660,1652660,PRESERVED_SPECIMEN,UQIC,UQIC,21298,,,,CC_BY_4_0,,No data,,,2023-05-23T02:57:17.762Z,,GEODETIC_DATUM_ASSUMED_WGS84;CONTINENT_DERIVED_FROM_COORDINATES;COLLECTION_MATCH_NONE;INSTITUTION_MATCH_FUZZY,132,132.8667,-12.58333,meters
2446102529,beed1b50-8c73-11dc-aaed-b8a03c50a862,058e9202-0ea4-418e-8c18-db3f1581a4d0,Animalia,Arthropoda,Insecta,Diptera,Culicidae,Culex,Culex annulirostris,,SPECIES,"Culex annulirostris Skuse, 1889",Culex (Culex) annulirostris,"Skuse, 1889",AU,8km SW by S of Oenpelli Mission,Northern Territory,PRESENT,1,64bd66c1-e7d3-48d0-9462-488729aed122,10000,,55,,,,1973-06-06T00:00:00Z,6,6,1973,1652660,1652660,PRESERVED_SPECIMEN,CSIRO,ANIC,29-058284-962,,"Marks,E.N.",,CC_BY_4_0,,"Colless, D.H.",,,2023-05-22T16:51:56.487Z,,CONTINENT_DERIVED_FROM_COORDINATES;PRESUMED_NEGATED_LONGITUDE;PRESUMED_NEGATED_LATITUDE;RECORDED_DATE_INVALID;COLLECTION_MATCH_NONE;INSTITUTION_MATCH_FUZZY,133,133.016667,-12.383333,meters
177213542,88e38292-f762-11e1-a439-00145eb45e9a,,Animalia,Arthropoda,Insecta,Diptera,Culicidae,Culex,Culex annulirostris,,SPECIES,"Culex annulirostris Skuse, 1889",Culex annulirostris,,AU,Roper River Mission:,Northern Territory,PRESENT,,5ab24120-de25-11dc-9a41-b8a03c50a862,,,15,,,,1957-04-01T00:00:00Z,,4,1957,1652660,1652660,PRESERVED_SPECIMEN,UQIC,UQIC,30841,,,,CC_BY_4_0,,No data,,,2023-05-23T02:57:19.384Z,,GEODETIC_DATUM_ASSUMED_WGS84;CONTINENT_DERIVED_FROM_COORDINATES;COLLECTION_MATCH_NONE;INSTITUTION_MATCH_FUZZY,134,134.73334,-14.73333,meters
177213234,88e38292-f762-11e1-a439-00145eb45e9a,,Animalia,Arthropoda,Insecta,Diptera,Culicidae,Culex,Culex annulirostris,,SPECIES,"Culex annulirostris Skuse, 1889",Culex annulirostris,,AU,Roper River Mission:Yellow Water,Northern Territory,PRESENT,,5ab24120-de25-11dc-9a41-b8a03c50a862,,,4,,,,1956-11-01T00:00:00Z,,11,1956,1652660,1652660,PRESERVED_SPECIMEN,UQIC,UQIC,30576,,,,CC_BY_4_0,,No data,,,2023-05-23T02:57:12.763Z,,GEODETIC_DATUM_ASSUMED_WGS84;CONTINENT_DERIVED_FROM_COORDINATES;COLLECTION_MATCH_NONE;INSTITUTION_MATCH_FUZZY,135,135.3833,-14.73333,meters
177214280,88e38292-f762-11e1-a439-00145eb45e9a,,Animalia,Arthropoda,Insecta,Diptera,Culicidae,Culex,Culex annulirostris,,SPECIES,"Culex annulirostris Skuse, 1889",Culex annulirostris,,AU,Gove:,Northern Territory,PRESENT,,5ab24120-de25-11dc-9a41-b8a03c50a862,,,4,,,,,,,,1652660,1652660,PRESERVED_SPECIMEN,UQIC,UQIC,32170,,,,CC_BY_4_0,,"Russel, Kerridge",,,2023-05-23T02:57:15.617Z,,GEODETIC_DATUM_ASSUMED_WGS84;CONTINENT_DERIVED_FROM_COORDINATES;COLLECTION_MATCH_NONE;INSTITUTION_MATCH_FUZZY,136,136.753,-12.216,meters
3901435698,6a0a95c6-c07a-4c35-9e9f-f776e8730fd4,https://data.biodiversitydata.nl/naturalis/specimen/RMNH.INS.1541982,Animalia,Arthropoda,Insecta,Diptera,Culicidae,Culex,Culex annulirostris,,SPECIES,"Culex annulirostris Skuse, 1889","Culex annulirostris Skuse, 1889","Skuse, 1889",ID,Tanahmerah,Papua,PRESENT,,396d5f30-dea9-11db-8ab4-b8a03c50a862,6437,,24,,,,1956-10-26T00:00:00Z,26,10,1956,1652660,1652660,PRESERVED_SPECIMEN,,Diptera,RMNH.INS.1541982,,,,CC0_1_0,Naturalis Biodiversity Center,De Rook,,,2023-05-24T02:33:01.470Z,,COORDINATE_ROUNDED;CONTINENT_DERIVED_FROM_COORDINATES;INSTITUTION_MATCH_FUZZY;INSTITUTION_COLLECTION_MISMATCH,140,140.276667,-6.080278,meters
2446097079,beed1b50-8c73-11dc-aaed-b8a03c50a862,90320173-5ec3-431c-a0ea-95c7aa404e52,Animalia,Arthropoda,Insecta,Diptera,Culicidae,Culex,Culex annulirostris,,SPECIES,"Culex annulirostris Skuse, 1889",Culex (Culex) annulirostris,"Skuse, 1889",AU,Weipa (general),Queensland,PRESENT,1,64bd66c1-e7d3-48d0-9462-488729aed122,10000,,29,,,,1949-08-30T00:00:00Z,30,8,1949,1652660,1652660,PRESERVED_SPECIMEN,CSIRO,ANIC,29-058258-936,,,,CC_BY_4_0,,,,,2023-05-22T16:51:54.503Z,,CONTINENT_DERIVED_FROM_COORDINATES;RECORDED_DATE_INVALID;COLLECTION_MATCH_NONE;INSTITUTION_MATCH_FUZZY,141,141.949997,-12.66667,meters
177213430,88e38292-f762-11e1-a439-00145eb45e9a,,Animalia,Arthropoda,Insecta,Diptera,Culicidae,Culex,Culex annulirostris,,SPECIES,"Culex annulirostris Skuse, 1889",Culex annulirostris,,AU,Cape York:Lockerbie,Queensland,PRESENT,,5ab24120-de25-11dc-9a41-b8a03c50a862,,,58,,,,1980-07-01T00:00:00Z,,7,1980,1652660,1652660,PRESERVED_SPECIMEN,UQIC,UQIC,20607,,,,CC_BY_4_0,,No data,,,2023-05-23T02:57:12.772Z,,GEODETIC_DATUM_ASSUMED_WGS84;CONTINENT_DERIVED_FROM_COORDINATES;COLLECTION_MATCH_NONE;INSTITUTION_MATCH_FUZZY,142,142.46666,-10.8,meters
177212868,88e38292-f762-11e1-a439-00145eb45e9a,,Animalia,Arthropoda,Insecta,Diptera,Culicidae,Culex,Culex annulirostris,,SPECIES,"Culex annulirostris Skuse, 1889",Culex annulirostris,,AU,Coen:,Queensland,PRESENT,,5ab24120-de25-11dc-9a41-b8a03c50a862,,,219,,,,1945-12-01T00:00:00Z,,12,1945,1652660,1652660,PRESERVED_SPECIMEN,UQIC,UQIC,20572,,,,CC_BY_4_0,,No data,,,2023-05-23T02:57:19.377Z,,GEODETIC_DATUM_ASSUMED_WGS84;CONTINENT_DERIVED_FROM_COORDINATES;COLLECTION_MATCH_NONE;INSTITUTION_MATCH_FUZZY,143,143.2,-13.95,meters
177212893,88e38292-f762-11e1-a439-00145eb45e9a,,Animalia,Arthropoda,Insecta,Diptera,Culicidae,Culex,Culex annulirostris,,SPECIES,"Culex annulirostris Skuse, 1889",Culex annulirostris,,AU,Murray Is.:,Queensland,PRESENT,,5ab24120-de25-11dc-9a41-b8a03c50a862,,,0,,,,1952-06-01T00:00:00Z,,6,1952,1652660,1652660,PRESERVED_SPECIMEN,UQIC,UQIC,20576,,,,CC_BY_4_0,,No data,,,2023-05-23T02:57:12.759Z,,GEODETIC_DATUM_ASSUMED_WGS84;CONTINENT_DERIVED_FROM_COORDINATES;COLLECTION_MATCH_NONE;INSTITUTION_MATCH_FUZZY,144,144.0629,-9.9204,meters
177214577,88e38292-f762-11e1-a439-00145eb45e9a,,Animalia,Arthropoda,Insecta,Diptera,Culicidae,Culex,Culex annulirostris,,SPECIES,"Culex annulirostris Skuse, 1889",Culex annulirostris,,PG,Purari Riv.:Wabo,No data,PRESENT,,5ab24120-de25-11dc-9a41-b8a03c50a862,,,128,,,,1978-08-01T00:00:00Z,,8,1978,1652660,1652660,PRESERVED_SPECIMEN,UQIC,UQIC,20813,,,,CC_BY_4_0,,No data,,,2023-05-23T02:57:15.553Z,,GEODETIC_DATUM_ASSUMED_WGS84;CONTINENT_DERIVED_FROM_COORDINATES;COLLECTION_MATCH_NONE;INSTITUTION_MATCH_FUZZY,145,145.06667,-6.98333,meters
177214620,88e38292-f762-11e1-a439-00145eb45e9a,,Animalia,Arthropoda,Insecta,Diptera,Culicidae,Culex,Culex annulirostris,,SPECIES,"Culex annulirostris Skuse, 1889",Culex annulirostris,,PG,Mekeo:Inavauni,No data,PRESENT,,5ab24120-de25-11dc-9a41-b8a03c50a862,,,102,,,,1943-10-01T00:00:00Z,,10,1943,1652660,1652660,PRESERVED_SPECIMEN,UQIC,UQIC,30819,,,,CC_BY_4_0,,No data,,,2023-05-23T02:57:12.776Z,,GEODETIC_DATUM_ASSUMED_WGS84;CONTINENT_DERIVED_FROM_COORDINATES;COLLECTION_MATCH_NONE;INSTITUTION_MATCH_FUZZY,146,146.6667,-8.5,meters
177214630,88e38292-f762-11e1-a439-00145eb45e9a,,Animalia,Arthropoda,Insecta,Diptera,Culicidae,Culex,Culex annulirostris,,SPECIES,"Culex annulirostris Skuse, 1889",Culex annulirostris,,PG,Idubada:,No data,PRESENT,,5ab24120-de25-11dc-9a41-b8a03c50a862,,,42,,,,1956-05-01T00:00:00Z,,5,1956,1652660,1652660,PRESERVED_SPECIMEN,UQIC,UQIC,21177,,,,CC_BY_4_0,,No data,,,2023-05-23T02:57:19.424Z,,GEODETIC_DATUM_ASSUMED_WGS84;CONTINENT_DERIVED_FROM_COORDINATES;COLLECTION_MATCH_NONE;INSTITUTION_MATCH_FUZZY,147,147.14999,-9.46667,meters
177214632,88e38292-f762-11e1-a439-00145eb45e9a,,Animalia,Arthropoda,Insecta,Diptera,Culicidae,Culex,Culex annulirostris,,SPECIES,"Culex annulirostris Skuse, 1889",Culex annulirostris,,PG,Dobodura:,No data,PRESENT,,5ab24120-de25-11dc-9a41-b8a03c50a862,,,42,,,,1943-04-01T00:00:00Z,,4,1943,1652660,1652660,PRESERVED_SPECIMEN,UQIC,UQIC,30943,,,,CC_BY_4_0,,No data,,,2023-05-23T02:57:19.653Z,,GEODETIC_DATUM_ASSUMED_WGS84;CONTINENT_DERIVED_FROM_COORDINATES;COLLECTION_MATCH_NONE;INSTITUTION_MATCH_FUZZY,148,148.3667,-8.7667,meters
177214635,88e38292-f762-11e1-a439-00145eb45e9a,,Animalia,Arthropoda,Insecta,Diptera,Culicidae,Culex,Culex annulirostris,,SPECIES,"Culex annulirostris Skuse, 1889",Culex annulirostris,,PG,Goodenough Is.:,No data,PRESENT,,5ab24120-de25-11dc-9a41-b8a03c50a862,,,1330,,,,1944-07-01T00:00:00Z,,7,1944,1652660,1652660,PRESERVED_SPECIMEN,UQIC,UQIC,30728,,,,CC_BY_4_0,,No data,,,2023-05-23T02:57:12.781Z,,GEODETIC_DATUM_ASSUMED_WGS84;CONTINENT_DERIVED_FROM_COORDINATES;COLLECTION_MATCH_NONE;INSTITUTION_MATCH_FUZZY,150,150.25,-9.33333,meters
177214638,88e38292-f762-11e1-a439-00145eb45e9a,,Animalia,Arthropoda,Insecta,Diptera,Culicidae,Culex,Culex annulirostris,,SPECIES,"Culex annulirostris Skuse, 1889",Culex annulirostris,,PG,Losuia:,No data,PRESENT,,5ab24120-de25-11dc-9a41-b8a03c50a862,,,7,,,,1956-10-01T00:00:00Z,,10,1956,1652660,1652660,PRESERVED_SPECIMEN,UQIC,UQIC,21181,,,,CC_BY_4_0,,No data,,,2023-05-23T02:57:12.758Z,,GEODETIC_DATUM_ASSUMED_WGS84;CONTINENT_DERIVED_FROM_COORDINATES;COLLECTION_MATCH_NONE;INSTITUTION_MATCH_FUZZY,151,151,-8.5,meters
3091666302,14f3151a-e95d-493c-a40d-d9938ef62954,urn:catalog:CAS:ENT:8478184,Animalia,Arthropoda,Insecta,Diptera,Culicidae,Culex,Culex annulirostris,,SPECIES,"Culex annulirostris Skuse, 1889","Culex annulirostris Skuse, 1889","Skuse, 1889",PG,Bougainville,,PRESENT,1,66522820-055c-11d8-b84e-b8a03c50a862,165340,,707,,,,1943-02-14T00:00:00Z,14,2,1943,1652660,1652660,PRESERVED_SPECIMEN,CASC,CASENT,CASENT8478184,Ser 29-4,J.N. Belkin,,CC0_1_0,,Weathersby,,,2023-05-22T00:06:21.838Z,,GEODETIC_DATUM_ASSUMED_WGS84;CONTINENT_DERIVED_FROM_COORDINATES;OCCURRENCE_STATUS_INFERRED_FROM_INDIVIDUAL_COUNT,155,155.270847,-6.156978,meters
3091661303,14f3151a-e95d-493c-a40d-d9938ef62954,urn:catalog:CAS:ENT:8478206,Animalia,Arthropoda,Insecta,Diptera,Culicidae,Culex,Culex annulirostris,,SPECIES,"Culex annulirostris Skuse, 1889","Culex annulirostris Skuse, 1889","Skuse, 1889",SB,"Banika Island, Russell Islands",,PRESENT,1,66522820-055c-11d8-b84e-b8a03c50a862,29051,,98,,,,1943-06-20T00:00:00Z,20,6,1943,1652660,1652660,PRESERVED_SPECIMEN,CASC,CASENT,CASENT8478206,,J.N. Belkin,,CC0_1_0,,W.G. Downs,,,2023-05-22T00:06:21.771Z,,CONTINENT_DERIVED_FROM_COORDINATES;OCCURRENCE_STATUS_INFERRED_FROM_INDIVIDUAL_COUNT,159,159.157172,-9.074684,meters
3091666304,14f3151a-e95d-493c-a40d-d9938ef62954,urn:catalog:CAS:ENT:8478229,Animalia,Arthropoda,Insecta,Diptera,Culicidae,Culex,Culex annulirostris,,SPECIES,"Culex annulirostris Skuse, 1889","Culex annulirostris Skuse, 1889","Skuse, 1889",SB,,,PRESENT,1,66522820-055c-11d8-b84e-b8a03c50a862,891361,,20,,,,1943-06-20T00:00:00Z,20,6,1943,1652660,1652660,PRESERVED_SPECIMEN,CASC,CASENT,CASENT8478229,G30,J.N. Belkin,,CC0_1_0,,W.J. Perry,,,2023-05-22T00:06:21.840Z,,CONTINENT_DERIVED_FROM_COORDINATES;OCCURRENCE_STATUS_INFERRED_FROM_INDIVIDUAL_COUNT,160,160.068,-9.04139,meters
177214728,88e38292-f762-11e1-a439-00145eb45e9a,,Animalia,Arthropoda,Insecta,Diptera,Culicidae,Culex,Culex annulirostris,,SPECIES,"Culex annulirostris Skuse, 1889",Culex annulirostris,,TO,Nukualofa:,No data,PRESENT,,5ab24120-de25-11dc-9a41-b8a03c50a862,,,2,,,,1957-09-01T00:00:00Z,,9,1957,1652660,1652660,PRESERVED_SPECIMEN,UQIC,UQIC,20926,,,,CC_BY_4_0,,No data,,,2023-05-23T02:57:17.828Z,,GEODETIC_DATUM_ASSUMED_WGS84;CONTINENT_DERIVED_FROM_COORDINATES;COLLECTION_MATCH_NONE;INSTITUTION_MATCH_FUZZY,-175,-175.2,-21.133,meters
177214729,88e38292-f762-11e1-a439-00145eb45e9a,,Animalia,Arthropoda,Insecta,Diptera,Culicidae,Culex,Culex annulirostris,,SPECIES,"Culex annulirostris Skuse, 1889",Culex annulirostris,,TO,Niuatoputapu:,No data,PRESENT,,5ab24120-de25-11dc-9a41-b8a03c50a862,,,-49,,,,1968-03-01T00:00:00Z,,3,1968,1652660,1652660,PRESERVED_SPECIMEN,UQIC,UQIC,28748,,,,CC_BY_4_0,,No data,,,2023-05-23T02:57:17.918Z,,GEODETIC_DATUM_ASSUMED_WGS84;CONTINENT_DERIVED_FROM_COORDINATES;COLLECTION_MATCH_NONE;INSTITUTION_MATCH_FUZZY,-173,-173.75,-15.95,meters
1699024087,bb5b30b4-827e-4d5e-a86a-825d65cb6583,pbdb:occ:1131224,Animalia,Arthropoda,Insecta,Diptera,Culicidae,Culex,Culex annulirostris,,SPECIES,"Culex annulirostris Skuse, 1889",Culex annulirostris Skuse 1889,Skuse 1889,PF,Several sedimentary sequences collected by Prebble and Porch in 2008.,Austral Islands,PRESENT,,b711353c-44d7-4e8b-90c5-16fea0d247e0,,0.01,-396,,,,,,,,1652660,1652660,FOSSIL_SPECIMEN,PBDB,143893,,,,,CC_BY_NC_4_0,,"Craig and Porch;Prebble, Porch",,,2023-01-24T23:31:53.578Z,,INSTITUTION_MATCH_NONE,-152,-152.809998,-22.65,meters
177214553,88e38292-f762-11e1-a439-00145eb45e9a,,Animalia,Arthropoda,Insecta,Diptera,Culicidae,Culex,Culex annulirostris,,SPECIES,"Culex annulirostris Skuse, 1889",Culex annulirostris,,PF,French Oceania:,No data,PRESENT,,5ab24120-de25-11dc-9a41-b8a03c50a862,,,233,,,,,,,,1652660,1652660,PRESERVED_SPECIMEN,UQIC,UQIC,20924,,,,CC_BY_4_0,,No data,,,2023-05-23T02:57:19.792Z,,GEODETIC_DATUM_ASSUMED_WGS84;CONTINENT_DERIVED_FROM_COORDINATES;COLLECTION_MATCH_NONE;INSTITUTION_MATCH_FUZZY,-149,-149.525,-17.535,meters
2419996452,2f5fa57d-1fae-444c-9669-258b7fb918b4,41e3799a-8c72-4b18-90f1-53a9238f44e1,Animalia,Arthropoda,Insecta,Diptera,Culicidae,Culex,Culex annulirostris,,SPECIES,"Culex annulirostris Skuse, 1889",Culex (Culex) annulirostris,"Skuse, 1889",AU,Tirigie Claypan,Western Australia,PRESENT,,cd459985-539a-4dc6-bfab-48bd1222ca51,100,,30,,,,,,,,1652660,1652660,HUMAN_OBSERVATION,,,48284,,,,CC_BY_4_0,,,,,2023-05-12T21:22:53.245Z,,COORDINATE_ROUNDED;CONTINENT_DERIVED_FROM_COORDINATES,113,113.992761,-24.641501,meters
2419993233,2f5fa57d-1fae-444c-9669-258b7fb918b4,35967a4e-107e-4d8d-92c2-8fc828a7b007,Animalia,Arthropoda,Insecta,Diptera,Culicidae,Culex,Culex annulirostris,,SPECIES,"Culex annulirostris Skuse, 1889",Culex (Culex) annulirostris,"Skuse, 1889",AU,Birdrong Spring,Western Australia,PRESENT,,cd459985-539a-4dc6-bfab-48bd1222ca51,100,,260,,,,,,,,1652660,1652660,HUMAN_OBSERVATION,,,48297,,,,CC_BY_4_0,,,,,2023-05-12T21:22:53.701Z,,COORDINATE_ROUNDED;CONTINENT_DERIVED_FROM_COORDINATES,114,114.87109,-24.243156,meters
177212955,88e38292-f762-11e1-a439-00145eb45e9a,,Animalia,Arthropoda,Insecta,Diptera,Culicidae,Culex,Culex annulirostris,,SPECIES,"Culex annulirostris Skuse, 1889",Culex annulirostris,,AU,Karratha:,Western Australia,PRESENT,,5ab24120-de25-11dc-9a41-b8a03c50a862,,,25,,,,1979-04-01T00:00:00Z,,4,1979,1652660,1652660,PRESERVED_SPECIMEN,UQIC,UQIC,28562,,,,CC_BY_4_0,,No data,,,2023-05-23T02:57:12.729Z,,GEODETIC_DATUM_ASSUMED_WGS84;CONTINENT_DERIVED_FROM_COORDINATES;COLLECTION_MATCH_NONE;INSTITUTION_MATCH_FUZZY,116,116.66666,-20.88333,meters
2446110031,beed1b50-8c73-11dc-aaed-b8a03c50a862,e0d102dd-76f0-462b-8ca4-362f97761732,Animalia,Arthropoda,Insecta,Diptera,Culicidae,Culex,Culex annulirostris,,SPECIES,"Culex annulirostris Skuse, 1889",Culex (Culex) annulirostris,"Skuse, 1889",AU,Millstream (general),Western Australia,PRESENT,1,64bd66c1-e7d3-48d0-9462-488729aed122,10000,,295,,,,1970-10-22T00:00:00Z,22,10,1970,1652660,1652660,PRESERVED_SPECIMEN,CSIRO,ANIC,29-058279-957,,,,CC_BY_4_0,,"Colless, D.H.",,,2023-05-22T16:51:55.211Z,,CONTINENT_DERIVED_FROM_COORDINATES;RECORDED_DATE_INVALID;COLLECTION_MATCH_NONE;INSTITUTION_MATCH_FUZZY,117,117.066667,-21.583333,meters
177213453,88e38292-f762-11e1-a439-00145eb45e9a,,Animalia,Arthropoda,Insecta,Diptera,Culicidae,Culex,Culex annulirostris,,SPECIES,"Culex annulirostris Skuse, 1889",Culex annulirostris,,AU,Port Hedland:,Western Australia,PRESENT,,5ab24120-de25-11dc-9a41-b8a03c50a862,,,2,,,,1979-03-01T00:00:00Z,,3,1979,1652660,1652660,PRESERVED_SPECIMEN,UQIC,UQIC,21420,,,,CC_BY_4_0,,No data,,,2023-05-23T02:57:15.605Z,,GEODETIC_DATUM_ASSUMED_WGS84;CONTINENT_DERIVED_FROM_COORDINATES;COLLECTION_MATCH_NONE;INSTITUTION_MATCH_FUZZY,118,118.58334,-20.3,meters
177214287,88e38292-f762-11e1-a439-00145eb45e9a,,Animalia,Arthropoda,Insecta,Diptera,Culicidae,Culex,Culex annulirostris,,SPECIES,"Culex annulirostris Skuse, 1889",Culex annulirostris,,AU,Mt Newman:,Western Australia,PRESENT,,5ab24120-de25-11dc-9a41-b8a03c50a862,,,586,,,,1979-03-01T00:00:00Z,,3,1979,1652660,1652660,PRESERVED_SPECIMEN,UQIC,UQIC,21502,,,,CC_BY_4_0,,No data,,,2023-05-23T02:57:17.819Z,,GEODETIC_DATUM_ASSUMED_WGS84;CONTINENT_DERIVED_FROM_COORDINATES;COLLECTION_MATCH_NONE;INSTITUTION_MATCH_FUZZY,119,119.68,-23.36056,meters
2446099847,beed1b50-8c73-11dc-aaed-b8a03c50a862,4c5fdb43-bb66-4afe-a5c9-f6e0738f403e,Animalia,Arthropoda,Insecta,Diptera,Culicidae,Culex,Culex annulirostris,,SPECIES,"Culex annulirostris Skuse, 1889",Culex (Culex) annulirostris,"Skuse, 1889",AU,"3 km S of Coulomb Pt., West Kimberley",Western Australia,PRESENT,1,64bd66c1-e7d3-48d0-9462-488729aed122,10000,,8,,,,1977-04-20T00:00:00Z,20,4,1977,1652660,1652660,PRESERVED_SPECIMEN,CSIRO,ANIC,29-058273-951,,,,CC_BY_4_0,,"Colless, D.H.",,,2023-05-22T16:51:52.690Z,,CONTINENT_DERIVED_FROM_COORDINATES;RECORDED_DATE_INVALID;COLLECTION_MATCH_NONE;INSTITUTION_MATCH_FUZZY,122,122.15,-17.53333,meters
177213456,88e38292-f762-11e1-a439-00145eb45e9a,,Animalia,Arthropoda,Insecta,Diptera,Culicidae,Culex,Culex annulirostris,,SPECIES,"Culex annulirostris Skuse, 1889",Culex annulirostris,,AU,Derby:,Western Australia,PRESENT,,5ab24120-de25-11dc-9a41-b8a03c50a862,,,9,,,,1967-03-01T00:00:00Z,,3,1967,1652660,1652660,PRESERVED_SPECIMEN,UQIC,UQIC,21328,,,,CC_BY_4_0,,No data,,,2023-05-23T02:57:17.603Z,,GEODETIC_DATUM_ASSUMED_WGS84;CONTINENT_DERIVED_FROM_COORDINATES;COLLECTION_MATCH_NONE;INSTITUTION_MATCH_FUZZY,123,123.63333,-17.31667,meters
177214290,88e38292-f762-11e1-a439-00145eb45e9a,,Animalia,Arthropoda,Insecta,Diptera,Culicidae,Culex,Culex annulirostris,,SPECIES,"Culex annulirostris Skuse, 1889",Culex annulirostris,,AU,Balgo Mission:,Western Australia,PRESENT,,5ab24120-de25-11dc-9a41-b8a03c50a862,,,417,,,,1981-03-01T00:00:00Z,,3,1981,1652660,1652660,PRESERVED_SPECIMEN,UQIC,UQIC,21370,,,,CC_BY_4_0,,No data,,,2023-05-23T02:57:19.651Z,,GEODETIC_DATUM_ASSUMED_WGS84;CONTINENT_DERIVED_FROM_COORDINATES;COLLECTION_MATCH_NONE;INSTITUTION_MATCH_FUZZY,127,127.98361,-20.14167,meters
177213144,88e38292-f762-11e1-a439-00145eb45e9a,,Animalia,Arthropoda,Insecta,Diptera,Culicidae,Culex,Culex annulirostris,,SPECIES,"Culex annulirostris Skuse, 1889",Culex annulirostris,,AU,Ord Riv.:,Western Australia,PRESENT,,5ab24120-de25-11dc-9a41-b8a03c50a862,,,0,,,,1975-04-01T00:00:00Z,,4,1975,1652660,1652660,PRESERVED_SPECIMEN,UQIC,UQIC,21003,,,,CC_BY_4_0,,No data,,,2023-05-23T02:57:17.896Z,,GEODETIC_DATUM_ASSUMED_WGS84;CONTINENT_DERIVED_FROM_COORDINATES;COLLECTION_MATCH_NONE;INSTITUTION_MATCH_FUZZY,128,128.35001,-15.05,meters
177213474,88e38292-f762-11e1-a439-00145eb45e9a,,Animalia,Arthropoda,Insecta,Diptera,Culicidae,Culex,Culex annulirostris,,SPECIES,"Culex annulirostris Skuse, 1889",Culex annulirostris,,AU,Timber Ck:,Northern Territory,PRESENT,,5ab24120-de25-11dc-9a41-b8a03c50a862,,,64,,,,1949-10-01T00:00:00Z,,10,1949,1652660,1652660,PRESERVED_SPECIMEN,UQIC,UQIC,30524,,,,CC_BY_4_0,,No data,,,2023-05-23T02:57:17.603Z,,GEODETIC_DATUM_ASSUMED_WGS84;CONTINENT_DERIVED_FROM_COORDINATES;COLLECTION_MATCH_NONE;INSTITUTION_MATCH_FUZZY,130,130.48334,-15.65,meters
2446095480,beed1b50-8c73-11dc-aaed-b8a03c50a862,973c0447-4585-4990-8617-614437a20ca6,Animalia,Arthropoda,Insecta,Diptera,Culicidae,Culex,Culex annulirostris,,SPECIES,"Culex annulirostris Skuse, 1889",Culex (Culex) annulirostris,"Skuse, 1889",AU,"Batten Ck., 31 km WSW of Borroloola",Northern Territory,PRESENT,1,64bd66c1-e7d3-48d0-9462-488729aed122,10000,,60,,,,1976-04-15T00:00:00Z,15,4,1976,1652660,1652660,PRESERVED_SPECIMEN,CSIRO,ANIC,29-058200-865,,,,CC_BY_4_0,,"Colless, D.H.",,,2023-05-22T16:51:59.578Z,,CONTINENT_DERIVED_FROM_COORDINATES;RECORDED_DATE_INVALID;COLLECTION_MATCH_NONE;INSTITUTION_MATCH_FUZZY,136,136.050003,-16.166666,meters
2446114577,beed1b50-8c73-11dc-aaed-b8a03c50a862,82bb7254-1a57-4096-a28a-a6f483708ecf,Animalia,Arthropoda,Insecta,Diptera,Culicidae,Culex,Culex annulirostris,,SPECIES,"Culex annulirostris Skuse, 1889",Culex (Culex) annulirostris,"Skuse, 1889",AU,Mornington Island,Queensland,PRESENT,1,64bd66c1-e7d3-48d0-9462-488729aed122,25000,,6,,,,1951-05-01T00:00:00Z,,5,1951,1652660,1652660,PRESERVED_SPECIMEN,CSIRO,ANIC,29-058213-880,,,,CC_BY_4_0,,,,,2023-05-22T16:51:59.485Z,,CONTINENT_DERIVED_FROM_COORDINATES;COLLECTION_MATCH_NONE;INSTITUTION_MATCH_FUZZY,139,139.566667,-16.483333,meters
177213334,88e38292-f762-11e1-a439-00145eb45e9a,,Animalia,Arthropoda,Insecta,Diptera,Culicidae,Culex,Culex annulirostris,,SPECIES,"Culex annulirostris Skuse, 1889",Culex annulirostris,,AU,Mitchell River Mission:,Queensland,PRESENT,,5ab24120-de25-11dc-9a41-b8a03c50a862,,,14,,,,1960-03-01T00:00:00Z,,3,1960,1652660,1652660,PRESERVED_SPECIMEN,UQIC,UQIC,21574,,,,CC_BY_4_0,,No data,,,2023-05-23T02:57:15.539Z,,GEODETIC_DATUM_ASSUMED_WGS84;CONTINENT_DERIVED_FROM_COORDINATES;COLLECTION_MATCH_NONE;INSTITUTION_MATCH_FUZZY,141,141.75,-15.46667,meters
177212919,88e38292-f762-11e1-a439-00145eb45e9a,,Animalia,Arthropoda,Insecta,Diptera,Culicidae,Culex,Culex annulirostris,,SPECIES,"Culex annulirostris Skuse, 1889",Culex annulirostris,,AU,Georgetown:Strathmore Stn via,Queensland,PRESENT,,5ab24120-de25-11dc-9a41-b8a03c50a862,,,126,,,,1952-05-01T00:00:00Z,,5,1952,1652660,1652660,PRESERVED_SPECIMEN,UQIC,UQIC,30763,,,,CC_BY_4_0,,No data,,,2023-05-23T02:57:12.727Z,,GEODETIC_DATUM_ASSUMED_WGS84;CONTINENT_DERIVED_FROM_COORDINATES;COLLECTION_MATCH_NONE;INSTITUTION_MATCH_FUZZY,142,142.56,-17.87,meters
177213258,88e38292-f762-11e1-a439-00145eb45e9a,,Animalia,Arthropoda,Insecta,Diptera,Culicidae,Culex,Culex annulirostris,,SPECIES,"Culex annulirostris Skuse, 1889",Culex annulirostris,,AU,Richmond:Acton Stn 20 mls N of,Queensland,PRESENT,,5ab24120-de25-11dc-9a41-b8a03c50a862,,,243,,,,1962-11-01T00:00:00Z,,11,1962,1652660,1652660,PRESERVED_SPECIMEN,UQIC,UQIC,20887,,,,CC_BY_4_0,,No data,,,2023-05-23T02:57:17.600Z,,GEODETIC_DATUM_ASSUMED_WGS84;CONTINENT_DERIVED_FROM_COORDINATES;COLLECTION_MATCH_NONE;INSTITUTION_MATCH_FUZZY,143,143.28329,-20.51667,meters
177213637,88e38292-f762-11e1-a439-00145eb45e9a,,Animalia,Arthropoda,Insecta,Diptera,Culicidae,Culex,Culex annulirostris,,SPECIES,"Culex annulirostris Skuse, 1889",Culex annulirostris,,AU,Longreach:,Queensland,PRESENT,,5ab24120-de25-11dc-9a41-b8a03c50a862,,,229,,,,1951-01-01T00:00:00Z,,1,1951,1652660,1652660,PRESERVED_SPECIMEN,UQIC,UQIC,30873,,,,CC_BY_4_0,,No data,,,2023-05-23T02:57:17.699Z,,GEODETIC_DATUM_ASSUMED_WGS84;CONTINENT_DERIVED_FROM_COORDINATES;COLLECTION_MATCH_NONE;INSTITUTION_MATCH_FUZZY,144,144.25,-23.61667,meters
177213701,88e38292-f762-11e1-a439-00145eb45e9a,,Animalia,Arthropoda,Insecta,Diptera,Culicidae,Culex,Culex annulirostris,,SPECIES,"Culex annulirostris Skuse, 1889",Culex annulirostris,,AU,Cairns:Stratford,Queensland,PRESENT,,5ab24120-de25-11dc-9a41-b8a03c50a862,,,24,,,,1971-05-01T00:00:00Z,,5,1971,1652660,1652660,PRESERVED_SPECIMEN,UQIC,UQIC,21230,,,,CC_BY_4_0,,No data,,,2023-05-23T02:57:17.814Z,,GEODETIC_DATUM_ASSUMED_WGS84;CONTINENT_DERIVED_FROM_COORDINATES;COLLECTION_MATCH_NONE;INSTITUTION_MATCH_FUZZY,145,145.73334,-16.88333,meters
177213910,88e38292-f762-11e1-a439-00145eb45e9a,,Animalia,Arthropoda,Insecta,Diptera,Culicidae,Culex,Culex annulirostris,,SPECIES,"Culex annulirostris Skuse, 1889",Culex annulirostris,,AU,Townsville:,Queensland,PRESENT,,5ab24120-de25-11dc-9a41-b8a03c50a862,,,16,,,,,,,,1652660,1652660,PRESERVED_SPECIMEN,UQIC,UQIC,30922,,,,CC_BY_4_0,,No data,,,2023-05-23T02:57:15.544Z,,GEODETIC_DATUM_ASSUMED_WGS84;CONTINENT_DERIVED_FROM_COORDINATES;COLLECTION_MATCH_NONE;INSTITUTION_MATCH_FUZZY,146,146.81667,-19.26667,meters
177213926,88e38292-f762-11e1-a439-00145eb45e9a,,Animalia,Arthropoda,Insecta,Diptera,Culicidae,Culex,Culex annulirostris,,SPECIES,"Culex annulirostris Skuse, 1889",Culex annulirostris,,AU,Giru:,Queensland,PRESENT,,5ab24120-de25-11dc-9a41-b8a03c50a862,,,14,,,,1979-06-01T00:00:00Z,,6,1979,1652660,1652660,PRESERVED_SPECIMEN,UQIC,UQIC,20569,,,,CC_BY_4_0,,No data,,,2023-05-23T02:57:12.776Z,,GEODETIC_DATUM_ASSUMED_WGS84;CONTINENT_DERIVED_FROM_COORDINATES;COLLECTION_MATCH_NONE;INSTITUTION_MATCH_FUZZY,147,147.10001,-19.5,meters
177213940,88e38292-f762-11e1-a439-00145eb45e9a,,Animalia,Arthropoda,Insecta,Diptera,Culicidae,Culex,Culex annulirostris,,SPECIES,"Culex annulirostris Skuse, 1889",Culex annulirostris,,AU,Mackay:Eungella via,Queensland,PRESENT,,5ab24120-de25-11dc-9a41-b8a03c50a862,,,702,,,,,,,,1652660,1652660,PRESERVED_SPECIMEN,UQIC,UQIC,30921,,,,CC_BY_4_0,,No data,,,2023-05-23T02:57:19.675Z,,GEODETIC_DATUM_ASSUMED_WGS84;CONTINENT_DERIVED_FROM_COORDINATES;COLLECTION_MATCH_NONE;INSTITUTION_MATCH_FUZZY,148,148.5,-21.13333,meters
177213402,88e38292-f762-11e1-a439-00145eb45e9a,,Animalia,Arthropoda,Insecta,Diptera,Culicidae,Culex,Culex annulirostris,,SPECIES,"Culex annulirostris Skuse, 1889",Culex annulirostris,,AU,Mackay/Shoal Pt:,Queensland,PRESENT,,5ab24120-de25-11dc-9a41-b8a03c50a862,,,-2,,,,1970-07-01T00:00:00Z,,7,1970,1652660,1652660,PRESERVED_SPECIMEN,UQIC,UQIC,21268,,,,CC_BY_4_0,,No data,,,2023-05-23T02:57:17.695Z,,GEODETIC_DATUM_ASSUMED_WGS84;CONTINENT_DERIVED_FROM_COORDINATES;COLLECTION_MATCH_NONE;INSTITUTION_MATCH_FUZZY,149,149.14999,-21,meters
177213957,88e38292-f762-11e1-a439-00145eb45e9a,,Animalia,Arthropoda,Insecta,Diptera,Culicidae,Culex,Culex annulirostris,,SPECIES,"Culex annulirostris Skuse, 1889",Culex annulirostris,,AU,"Monto:Cania Gorge Nat. Pk, 40 km N of",Queensland,PRESENT,,5ab24120-de25-11dc-9a41-b8a03c50a862,,,422,,,,1980-08-01T00:00:00Z,,8,1980,1652660,1652660,PRESERVED_SPECIMEN,UQIC,UQIC,20871,,,,CC_BY_4_0,,No data,,,2023-05-23T02:57:19.387Z,,GEODETIC_DATUM_ASSUMED_WGS84;CONTINENT_DERIVED_FROM_COORDINATES;COLLECTION_MATCH_NONE;INSTITUTION_MATCH_FUZZY,150,150.98599,-24.681,meters
177213304,88e38292-f762-11e1-a439-00145eb45e9a,,Animalia,Arthropoda,Insecta,Diptera,Culicidae,Culex,Culex annulirostris,,SPECIES,"Culex annulirostris Skuse, 1889",Culex annulirostris,,AU,Mt Elliott:,Queensland,PRESENT,,5ab24120-de25-11dc-9a41-b8a03c50a862,,,115,,,,1973-05-01T00:00:00Z,,5,1973,1652660,1652660,PRESERVED_SPECIMEN,UQIC,UQIC,21334,,,,CC_BY_4_0,,No data,,,2023-05-23T02:57:17.758Z,,GEODETIC_DATUM_ASSUMED_WGS84;CONTINENT_DERIVED_FROM_COORDINATES;COLLECTION_MATCH_NONE;INSTITUTION_MATCH_FUZZY,151,151.85001,-25,meters
177213306,88e38292-f762-11e1-a439-00145eb45e9a,,Animalia,Arthropoda,Insecta,Diptera,Culicidae,Culex,Culex annulirostris,,SPECIES,"Culex annulirostris Skuse, 1889",Culex annulirostris,,AU,Bundaberg:Splitter Ck,Queensland,PRESENT,,5ab24120-de25-11dc-9a41-b8a03c50a862,,,26,,,,1945-10-01T00:00:00Z,,10,1945,1652660,1652660,PRESERVED_SPECIMEN,UQIC,UQIC,20942,,,,CC_BY_4_0,,No data,,,2023-05-23T02:57:17.898Z,,GEODETIC_DATUM_ASSUMED_WGS84;CONTINENT_DERIVED_FROM_COORDINATES;COLLECTION_MATCH_NONE;INSTITUTION_MATCH_FUZZY,152,152.25,-24.85,meters
3091666308,14f3151a-e95d-493c-a40d-d9938ef62954,urn:catalog:CAS:ENT:8478328,Animalia,Arthropoda,Insecta,Diptera,Culicidae,Culex,Culex annulirostris,,SPECIES,"Culex annulirostris Skuse, 1889","Culex annulirostris Skuse, 1889","Skuse, 1889",VU,Espiritu Santo,,PRESENT,1,66522820-055c-11d8-b84e-b8a03c50a862,75387,,259,,,,1943-09-16T00:00:00Z,16,9,1943,1652660,1652660,PRESERVED_SPECIMEN,CASC,CASENT,CASENT8478328,,J.N. Belkin,,CC0_1_0,,W.J. Perry,,,2023-05-22T00:06:21.843Z,,GEODETIC_DATUM_ASSUMED_WGS84;CONTINENT_DERIVED_FROM_COORDINATES;OCCURRENCE_STATUS_INFERRED_FROM_INDIVIDUAL_COUNT,166,166.8333,-15.25,meters
3091664307,14f3151a-e95d-493c-a40d-d9938ef62954,urn:catalog:CAS:ENT:8478310,Animalia,Arthropoda,Insecta,Diptera,Culicidae,Culex,Culex annulirostris,,SPECIES,"Culex annulirostris Skuse, 1889","Culex annulirostris Skuse, 1889","Skuse, 1889",VU,"Espiritu Santo, Segond Channel Area",,PRESENT,1,66522820-055c-11d8-b84e-b8a03c50a862,34000,,26,,,,1943-07-25T00:00:00Z,25,7,1943,1652660,1652660,PRESERVED_SPECIMEN,CASC,CASENT,CASENT8478310,900,J.N. Belkin,,CC0_1_0,,Knight,,,2023-05-22T00:06:21.766Z,,GEODETIC_DATUM_ASSUMED_WGS84;CONTINENT_DERIVED_FROM_COORDINATES;OCCURRENCE_STATUS_INFERRED_FROM_INDIVIDUAL_COUNT,167,167.025667,-15.579143,meters
2446102074,beed1b50-8c73-11dc-aaed-b8a03c50a862,86547d39-3f73-442f-a4e3-63f9652156eb,Animalia,Arthropoda,Insecta,Diptera,Culicidae,Culex,Culex annulirostris,,SPECIES,"Culex annulirostris Skuse, 1889",Culex (Culex) annulirostris,"Skuse, 1889",VU,Mai Island [Emae],,PRESENT,1,64bd66c1-e7d3-48d0-9462-488729aed122,10000,,76,,,,1925-06-23T00:00:00Z,23,6,1925,1652660,1652660,PRESERVED_SPECIMEN,CSIRO,ANIC,29-058173-836,,"Edwards,F.W.",,CC_BY_4_0,,"Buxton, P.A.",,,2023-05-22T16:51:54.038Z,,CONTINENT_DERIVED_FROM_COORDINATES;RECORDED_DATE_INVALID;COLLECTION_MATCH_NONE;INSTITUTION_MATCH_FUZZY,168,168.383333,-17.066667,meters
177214733,88e38292-f762-11e1-a439-00145eb45e9a,,Animalia,Arthropoda,Insecta,Diptera,Culicidae,Culex,Culex annulirostris,,SPECIES,"Culex annulirostris Skuse, 1889",Culex annulirostris,,VU,Aneityum Is.:Port Patrick,No data,PRESENT,,5ab24120-de25-11dc-9a41-b8a03c50a862,,,355,,,,1953-03-01T00:00:00Z,,3,1953,1652660,1652660,PRESERVED_SPECIMEN,UQIC,UQIC,20443,,,,CC_BY_4_0,,No data,,,2023-05-23T02:57:19.794Z,,GEODETIC_DATUM_ASSUMED_WGS84;CONTINENT_DERIVED_FROM_COORDINATES;COLLECTION_MATCH_NONE;INSTITUTION_MATCH_FUZZY,169,169.8167,-20.2,meters
3091666316,14f3151a-e95d-493c-a40d-d9938ef62954,urn:catalog:CAS:ENT:8478481,Animalia,Arthropoda,Insecta,Diptera,Culicidae,Culex,Culex annulirostris,,SPECIES,"Culex annulirostris Skuse, 1889","Culex annulirostris Skuse, 1889","Skuse, 1889",FJ,Suva,,PRESENT,1,66522820-055c-11d8-b84e-b8a03c50a862,13489,,-67,,,,1943-12-22T00:00:00Z,22,12,1943,1652660,1652660,PRESERVED_SPECIMEN,CASC,CASENT,CASENT8478481,,J.N. Belkin,,CC0_1_0,,R.A. Lever,,,2023-05-22T00:06:21.847Z,,GEODETIC_DATUM_ASSUMED_WGS84;CONTINENT_DERIVED_FROM_COORDINATES;OCCURRENCE_STATUS_INFERRED_FROM_INDIVIDUAL_COUNT,178,178.42575,-18.134202,meters
2419993482,2f5fa57d-1fae-444c-9669-258b7fb918b4,2bf2b7b9-f2af-4c68-848d-f92dd6101132,Animalia,Arthropoda,Insecta,Diptera,Culicidae,Culex,Culex annulirostris,,SPECIES,"Culex annulirostris Skuse, 1889",Culex (Culex) annulirostris,"Skuse, 1889",AU,Hamelin Pool,Western Australia,PRESENT,,cd459985-539a-4dc6-bfab-48bd1222ca51,100,,25,,,,,,,,1652660,1652660,HUMAN_OBSERVATION,,,48255,,,,CC_BY_4_0,,,,,2023-05-12T21:22:54.471Z,,COORDINATE_ROUNDED;CONTINENT_DERIVED_FROM_COORDINATES,114,114.193893,-26.426516,meters
177214282,88e38292-f762-11e1-a439-00145eb45e9a,,Animalia,Arthropoda,Insecta,Diptera,Culicidae,Culex,Culex annulirostris,,SPECIES,"Culex annulirostris Skuse, 1889",Culex annulirostris,,AU,Belmont:,Western Australia,PRESENT,,5ab24120-de25-11dc-9a41-b8a03c50a862,,,15,,,,1963-01-01T00:00:00Z,,1,1963,1652660,1652660,PRESERVED_SPECIMEN,UQIC,UQIC,20889,,,,CC_BY_4_0,,No data,,,2023-05-23T02:57:15.629Z,,GEODETIC_DATUM_ASSUMED_WGS84;CONTINENT_DERIVED_FROM_COORDINATES;COLLECTION_MATCH_NONE;INSTITUTION_MATCH_FUZZY,115,115.92583,-31.94611,meters
1632958935,84a649ce-ff81-420d-9c41-aa1de59e3766,d3fab355-8079-4073-8a7b-c34fc085afd3,Animalia,Arthropoda,Insecta,Diptera,Culicidae,Culex,Culex annulirostris,,SPECIES,"Culex annulirostris Skuse, 1889",Culex (Culex) annulirostris,"Skuse, 1889",AU,"Bullsbrook WA 6084, Australia",Western Australia,PRESENT,1,adc174cd-c752-4eee-9630-7c1209eb1c4a,10,,66,,,,2016-07-17T18:40:00Z,17,7,2016,1652660,1652660,HUMAN_OBSERVATION,,,,https://biocollect.ala.org.au/sightings/bioActivity/index/ccc84dd7-e220-4442-8504-809154a7375d,,,CC_BY_4_0,,"Hickling, Cassandra",,,2023-05-20T03:03:17.398Z,,CONTINENT_DERIVED_FROM_COORDINATES,116,116.030478,-31.65717,meters
177213454,88e38292-f762-11e1-a439-00145eb45e9a,,Animalia,Arthropoda,Insecta,Diptera,Culicidae,Culex,Culex annulirostris,,SPECIES,"Culex annulirostris Skuse, 1889",Culex annulirostris,,AU,Moorine Rock:,Western Australia,PRESENT,,5ab24120-de25-11dc-9a41-b8a03c50a862,,,397,,,,1965-09-01T00:00:00Z,,9,1965,1652660,1652660,PRESERVED_SPECIMEN,UQIC,UQIC,20905,,,,CC_BY_4_0,,No data,,,2023-05-23T02:57:15.623Z,,GEODETIC_DATUM_ASSUMED_WGS84;CONTINENT_DERIVED_FROM_COORDINATES;COLLECTION_MATCH_NONE;INSTITUTION_MATCH_FUZZY,118,118.96667,-31.21667,meters
4102571424,50c9509d-22c7-4a22-a47d-8c48425ef4a7,https://www.inaturalist.org/observations/122613801,Animalia,Arthropoda,Insecta,Diptera,Culicidae,Culex,Culex annulirostris,,SPECIES,"Culex annulirostris Skuse, 1889",Culex annulirostris,,AU,,South Australia,PRESENT,,28eb1a3f-1c15-4a95-931a-4af90ecb574d,29278,,142,,,,2022-05-31T16:09:00Z,31,5,2022,1652660,1652660,HUMAN_OBSERVATION,iNaturalist,Observations,122613801,,Stephen Fricker,2022-06-20T09:01:00Z,CC_BY_NC_4_0,Stephen Fricker,Stephen Fricker,,,2023-05-24T04:42:30.930Z,StillImage,COORDINATE_ROUNDED;CONTINENT_DERIVED_FROM_COORDINATES,136,136.879545,-31.067615,meters
2446108069,beed1b50-8c73-11dc-aaed-b8a03c50a862,c42b6256-4c57-43aa-bb9e-c85c0b188dc4,Animalia,Arthropoda,Insecta,Diptera,Culicidae,Culex,Culex annulirostris,,SPECIES,"Culex annulirostris Skuse, 1889",Culex (Culex) annulirostris,"Skuse, 1889",AU,Beltana,South Australia,PRESENT,1,64bd66c1-e7d3-48d0-9462-488729aed122,10000,,230,,,,1921-08-01T00:00:00Z,,8,1921,1652660,1652660,PRESERVED_SPECIMEN,CSIRO,ANIC,29-058174-837,,,,CC_BY_4_0,,,,,2023-05-22T16:51:55.064Z,,CONTINENT_DERIVED_FROM_COORDINATES;COLLECTION_MATCH_NONE;INSTITUTION_MATCH_FUZZY,138,138.4,-30.816667,meters
2611171581,50c9509d-22c7-4a22-a47d-8c48425ef4a7,https://www.inaturalist.org/observations/42567896,Animalia,Arthropoda,Insecta,Diptera,Culicidae,Culex,Culex annulirostris,,SPECIES,"Culex annulirostris Skuse, 1889",Culex annulirostris,,AU,,South Australia,PRESENT,,28eb1a3f-1c15-4a95-931a-4af90ecb574d,61,,26,,,,2020-04-19T23:43:00Z,19,4,2020,1652660,1652660,HUMAN_OBSERVATION,iNaturalist,Observations,42567896,,Stephen Fricker,2020-04-19T14:08:54Z,CC_BY_NC_4_0,Stephen Fricker,Stephen Fricker,,,2023-05-24T04:48:22.487Z,StillImage,COORDINATE_ROUNDED;CONTINENT_DERIVED_FROM_COORDINATES,139,139.598251,-34.562664,meters
4102611318,50c9509d-22c7-4a22-a47d-8c48425ef4a7,https://www.inaturalist.org/observations/20836270,Animalia,Arthropoda,Insecta,Diptera,Culicidae,Culex,Culex annulirostris,,SPECIES,"Culex annulirostris Skuse, 1889",Culex annulirostris,,AU,,South Australia,PRESENT,,28eb1a3f-1c15-4a95-931a-4af90ecb574d,61,,23,,,,2019-02-20T00:00:00Z,20,2,2019,1652660,1652660,HUMAN_OBSERVATION,iNaturalist,Observations,20836270,,Stephen Fricker,2019-03-04T13:44:40Z,CC_BY_NC_4_0,Stephen Fricker,Stephen Fricker,,,2023-05-24T04:46:56.159Z,,COORDINATE_ROUNDED;CONTINENT_DERIVED_FROM_COORDINATES,140,140.717349,-34.104122,meters
177213213,88e38292-f762-11e1-a439-00145eb45e9a,,Animalia,Arthropoda,Insecta,Diptera,Culicidae,Culex,Culex annulirostris,,SPECIES,"Culex annulirostris Skuse, 1889",Culex annulirostris,,AU,Coopers Ck:Orientos 70 mls S of,Queensland,PRESENT,,5ab24120-de25-11dc-9a41-b8a03c50a862,,,113,,,,1971-08-01T00:00:00Z,,8,1971,1652660,1652660,PRESERVED_SPECIMEN,UQIC,UQIC,21320,,,,CC_BY_4_0,,No data,,,2023-05-23T02:57:12.738Z,,GEODETIC_DATUM_ASSUMED_WGS84;CONTINENT_DERIVED_FROM_COORDINATES;COLLECTION_MATCH_NONE;INSTITUTION_MATCH_FUZZY,141,141.53334,-28.06667,meters
2446114925,beed1b50-8c73-11dc-aaed-b8a03c50a862,0bd06366-fd4b-4b61-94a0-f4196bfe131f,Animalia,Arthropoda,Insecta,Diptera,Culicidae,Culex,Culex annulirostris,,SPECIES,"Culex annulirostris Skuse, 1889",Culex (Culex) annulirostris,"Skuse, 1889",AU,Merbein,Victoria,PRESENT,1,64bd66c1-e7d3-48d0-9462-488729aed122,10000,,53,,,,1951-12-15T00:00:00Z,15,12,1951,1652660,1652660,PRESERVED_SPECIMEN,CSIRO,ANIC,29-058228-905,,,,CC_BY_4_0,,,,,2023-05-22T16:51:50.870Z,,CONTINENT_DERIVED_FROM_COORDINATES;RECORDED_DATE_INVALID;COLLECTION_MATCH_NONE;INSTITUTION_MATCH_FUZZY,142,142.066667,-34.183333,meters
177213254,88e38292-f762-11e1-a439-00145eb45e9a,,Animalia,Arthropoda,Insecta,Diptera,Culicidae,Culex,Culex annulirostris,,SPECIES,"Culex annulirostris Skuse, 1889",Culex annulirostris,,AU,Thargomindah:10 miles E of Bulloo Downs H.S. 60 mls SW of,Queensland,PRESENT,,5ab24120-de25-11dc-9a41-b8a03c50a862,,,101,,,,1972-03-01T00:00:00Z,,3,1972,1652660,1652660,PRESERVED_SPECIMEN,UQIC,UQIC,21323,,,,CC_BY_4_0,,No data,,,2023-05-23T02:57:15.612Z,,GEODETIC_DATUM_ASSUMED_WGS84;CONTINENT_DERIVED_FROM_COORDINATES;COLLECTION_MATCH_NONE;INSTITUTION_MATCH_FUZZY,143,143.10001,-28.4833,meters
177213263,88e38292-f762-11e1-a439-00145eb45e9a,,Animalia,Arthropoda,Insecta,Diptera,Culicidae,Culex,Culex annulirostris,,SPECIES,"Culex annulirostris Skuse, 1889",Culex annulirostris,,AU,"Cunnamulla:Orinya, 130 miles NW of",Queensland,PRESENT,,5ab24120-de25-11dc-9a41-b8a03c50a862,,,168,,,,1966-10-01T00:00:00Z,,10,1966,1652660,1652660,PRESERVED_SPECIMEN,UQIC,UQIC,21256,,,,CC_BY_4_0,,No data,,,2023-05-23T02:57:19.381Z,,GEODETIC_DATUM_ASSUMED_WGS84;CONTINENT_DERIVED_FROM_COORDINATES;COLLECTION_MATCH_NONE;INSTITUTION_MATCH_FUZZY,144,144.31667,-27.51667,meters
177213339,88e38292-f762-11e1-a439-00145eb45e9a,,Animalia,Arthropoda,Insecta,Diptera,Culicidae,Culex,Culex annulirostris,,SPECIES,"Culex annulirostris Skuse, 1889",Culex annulirostris,,AU,Cunnamulla:31 miles N of,Queensland,PRESENT,,5ab24120-de25-11dc-9a41-b8a03c50a862,,,214,,,,,,,,1652660,1652660,PRESERVED_SPECIMEN,UQIC,UQIC,30852,,,,CC_BY_4_0,,No data,,,2023-05-23T02:57:17.601Z,,GEODETIC_DATUM_ASSUMED_WGS84;CONTINENT_DERIVED_FROM_COORDINATES;COLLECTION_MATCH_NONE;INSTITUTION_MATCH_FUZZY,145,145.8167,-27.6833,meters
2446111331,beed1b50-8c73-11dc-aaed-b8a03c50a862,73f31cc4-f47a-4540-b5e2-88ec777f6629,Animalia,Arthropoda,Insecta,Diptera,Culicidae,Culex,Culex annulirostris,,SPECIES,"Culex annulirostris Skuse, 1889",Culex (Culex) annulirostris,"Skuse, 1889",AU,Narrandera,New South Wales,PRESENT,1,64bd66c1-e7d3-48d0-9462-488729aed122,25000,,156,,,,1943-03-01T00:00:00Z,,3,1943,1652660,1652660,PRESERVED_SPECIMEN,CSIRO,ANIC,29-058105-322,,,,CC_BY_4_0,,"Pasfield, G.",,,2023-05-22T16:51:58.767Z,,CONTINENT_DERIVED_FROM_COORDINATES;COLLECTION_MATCH_NONE;INSTITUTION_MATCH_FUZZY,146,146.55,-34.75,meters
177213937,88e38292-f762-11e1-a439-00145eb45e9a,,Animalia,Arthropoda,Insecta,Diptera,Culicidae,Culex,Culex annulirostris,,SPECIES,"Culex annulirostris Skuse, 1889",Culex annulirostris,,AU,Trangie:,New South Wales,PRESENT,,5ab24120-de25-11dc-9a41-b8a03c50a862,,,218,,,,1951-03-01T00:00:00Z,,3,1951,1652660,1652660,PRESERVED_SPECIMEN,UQIC,UQIC,31605,,,,CC_BY_4_0,,No data,,,2023-05-23T02:57:17.908Z,,GEODETIC_DATUM_ASSUMED_WGS84;CONTINENT_DERIVED_FROM_COORDINATES;COLLECTION_MATCH_NONE;INSTITUTION_MATCH_FUZZY,147,147.96666,-32.03333,meters
177213287,88e38292-f762-11e1-a439-00145eb45e9a,,Animalia,Arthropoda,Insecta,Diptera,Culicidae,Culex,Culex annulirostris,,SPECIES,"Culex annulirostris Skuse, 1889",Culex annulirostris,,AU,Gin Gin Bridge:,New South Wales,PRESENT,,5ab24120-de25-11dc-9a41-b8a03c50a862,,,208,,,,1951-05-01T00:00:00Z,,5,1951,1652660,1652660,PRESERVED_SPECIMEN,UQIC,UQIC,30634,,,,CC_BY_4_0,,No data,,,2023-05-23T02:57:12.769Z,,GEODETIC_DATUM_ASSUMED_WGS84;CONTINENT_DERIVED_FROM_COORDINATES;COLLECTION_MATCH_NONE;INSTITUTION_MATCH_FUZZY,148,148.10001,-31.55,meters
177213386,88e38292-f762-11e1-a439-00145eb45e9a,,Animalia,Arthropoda,Insecta,Diptera,Culicidae,Culex,Culex annulirostris,,SPECIES,"Culex annulirostris Skuse, 1889",Culex annulirostris,,AU,Bathurst:,New South Wales,PRESENT,,5ab24120-de25-11dc-9a41-b8a03c50a862,,,659,,,,1963-01-01T00:00:00Z,,1,1963,1652660,1652660,PRESERVED_SPECIMEN,UQIC,UQIC,21327,,,,CC_BY_4_0,,No data,,,2023-05-23T02:57:12.771Z,,GEODETIC_DATUM_ASSUMED_WGS84;CONTINENT_DERIVED_FROM_COORDINATES;COLLECTION_MATCH_NONE;INSTITUTION_MATCH_FUZZY,149,149.58333,-33.41667,meters
177213956,88e38292-f762-11e1-a439-00145eb45e9a,,Animalia,Arthropoda,Insecta,Diptera,Culicidae,Culex,Culex annulirostris,,SPECIES,"Culex annulirostris Skuse, 1889",Culex annulirostris,,AU,Yetman:,New South Wales,PRESENT,,5ab24120-de25-11dc-9a41-b8a03c50a862,,,258,,,,1943-12-01T00:00:00Z,,12,1943,1652660,1652660,PRESERVED_SPECIMEN,UQIC,UQIC,20922,,,,CC_BY_4_0,,No data,,,2023-05-23T02:57:19.420Z,,GEODETIC_DATUM_ASSUMED_WGS84;CONTINENT_DERIVED_FROM_COORDINATES;COLLECTION_MATCH_NONE;INSTITUTION_MATCH_FUZZY,150,150.76666,-28.9,meters
177213963,88e38292-f762-11e1-a439-00145eb45e9a,,Animalia,Arthropoda,Insecta,Diptera,Culicidae,Culex,Culex annulirostris,,SPECIES,"Culex annulirostris Skuse, 1889",Culex annulirostris,,AU,Eidsvold:,Queensland,PRESENT,,5ab24120-de25-11dc-9a41-b8a03c50a862,,,232,,,,1961-12-01T00:00:00Z,,12,1961,1652660,1652660,PRESERVED_SPECIMEN,UQIC,UQIC,20900,,,,CC_BY_4_0,,No data,,,2023-05-23T02:57:12.743Z,,GEODETIC_DATUM_ASSUMED_WGS84;CONTINENT_DERIVED_FROM_COORDINATES;COLLECTION_MATCH_NONE;INSTITUTION_MATCH_FUZZY,151,151.11667,-25.36667,meters
177213343,88e38292-f762-11e1-a439-00145eb45e9a,,Animalia,Arthropoda,Insecta,Diptera,Culicidae,Culex,Culex annulirostris,,SPECIES,"Culex annulirostris Skuse, 1889",Culex annulirostris,,AU,Warwick:,Queensland,PRESENT,,5ab24120-de25-11dc-9a41-b8a03c50a862,,,467,,,,1963-10-01T00:00:00Z,,10,1963,1652660,1652660,PRESERVED_SPECIMEN,UQIC,UQIC,21319,,,,CC_BY_4_0,,No data,,,2023-05-23T02:57:19.416Z,,GEODETIC_DATUM_ASSUMED_WGS84;CONTINENT_DERIVED_FROM_COORDINATES;COLLECTION_MATCH_NONE;INSTITUTION_MATCH_FUZZY,152,152.03334,-28.21667,meters
177214174,88e38292-f762-11e1-a439-00145eb45e9a,,Animalia,Arthropoda,Insecta,Diptera,Culicidae,Culex,Culex annulirostris,,SPECIES,"Culex annulirostris Skuse, 1889",Culex annulirostris,,AU,Kallangur:Saltwater Ck nr,Queensland,PRESENT,,5ab24120-de25-11dc-9a41-b8a03c50a862,,,15,,,,1980-02-01T00:00:00Z,,2,1980,1652660,1652660,PRESERVED_SPECIMEN,UQIC,UQIC,20541,,,,CC_BY_4_0,,No data,,,2023-05-23T02:57:19.677Z,,GEODETIC_DATUM_ASSUMED_WGS84;CONTINENT_DERIVED_FROM_COORDINATES;COLLECTION_MATCH_NONE;INSTITUTION_MATCH_FUZZY,153,153.03329,-27.2333,meters
2446107897,beed1b50-8c73-11dc-aaed-b8a03c50a862,81b90282-e7fa-4ca9-a768-8ba7c1633fe2,Animalia,Arthropoda,Insecta,Diptera,Culicidae,Culex,Culex annulirostris,,SPECIES,"Culex annulirostris Skuse, 1889",Culex (Culex) annulirostris,"Skuse, 1889",AU,"Meredith, Moorabool Riv.",Victoria,PRESENT,1,64bd66c1-e7d3-48d0-9462-488729aed122,10000,,-68,,,,1954-03-11T00:00:00Z,11,3,1954,1652660,1652660,PRESERVED_SPECIMEN,CSIRO,ANIC,29-058078-295,,"Dobrotworsky,N.",,CC_BY_4_0,,"Dobrotworsky, N.",,,2023-05-22T16:51:59.123Z,,RECORDED_DATE_INVALID;COLLECTION_MATCH_NONE;INSTITUTION_MATCH_FUZZY,140,140.116667,-37.833333,meters
177213549,88e38292-f762-11e1-a439-00145eb45e9a,,Animalia,Arthropoda,Insecta,Diptera,Culicidae,Culex,Culex annulirostris,,SPECIES,"Culex annulirostris Skuse, 1889",Culex annulirostris,,AU,Merina:,Queensland,PRESENT,,5ab24120-de25-11dc-9a41-b8a03c50a862,,,190,,,,1955-03-01T00:00:00Z,,3,1955,1652660,1652660,PRESERVED_SPECIMEN,UQIC,UQIC,30755,,,,CC_BY_4_0,,No data,,,2023-05-23T02:57:12.736Z,,GEODETIC_DATUM_ASSUMED_WGS84;CONTINENT_DERIVED_FROM_COORDINATES;COLLECTION_MATCH_NONE;INSTITUTION_MATCH_FUZZY,141,141.8,-37.11666,meters
2446105230,beed1b50-8c73-11dc-aaed-b8a03c50a862,2d23832d-dd80-4f2d-ab41-4d29bf700cf4,Animalia,Arthropoda,Insecta,Diptera,Culicidae,Culex,Culex annulirostris,,SPECIES,"Culex annulirostris Skuse, 1889",Culex (Culex) annulirostris,"Skuse, 1889",AU,"Grampians, Hall's Gap",Victoria,PRESENT,1,64bd66c1-e7d3-48d0-9462-488729aed122,10000,,176,,,,1955-01-24T00:00:00Z,24,1,1955,1652660,1652660,PRESERVED_SPECIMEN,CSIRO,ANIC,29-058080-297,,"Dobrotworsky,N.",,CC_BY_4_0,,"Dobrotworsky, N.",,,2023-05-22T16:51:57.134Z,,CONTINENT_DERIVED_FROM_COORDINATES;RECORDED_DATE_INVALID;COLLECTION_MATCH_NONE;INSTITUTION_MATCH_FUZZY,142,142.55,-37.116667,meters
2250965374,040c5662-da76-4782-a48e-cdea1892d14c,http://bins.boldsystems.org/index.php/Public_RecordView?processid=MOAV055-15,Animalia,Arthropoda,Insecta,Diptera,Culicidae,Culex,Culex annulirostris,,UNRANKED,BOLD:AEG7306,BOLD:AEG7306,,AU,"Rural City of Swan Hill, Swan Hill, T Place",Victoria,PRESENT,,b3bf3a83-1f68-4541-a03f-330d30d567f5,,,68,,,,2014-01-21T00:00:00Z,21,1,2014,11632632,1652660,MATERIAL_SAMPLE,,,VAITC4324B,,Karen L Brown,,CC_BY_4_0,,Victorian Arbovirus Disease Control Program,,,2023-05-23T20:58:57.098Z,,GEODETIC_DATUM_ASSUMED_WGS84;CONTINENT_DERIVED_FROM_COORDINATES,143,143.567,-35.3,meters
3783905380,39905320-6c8a-11de-8226-b8a03c50a862,6cf4c60c-989f-44d6-b91c-f7cfc5806563,Animalia,Arthropoda,Insecta,Diptera,Culicidae,Culex,Culex annulirostris,,SPECIES,"Culex annulirostris Skuse, 1889",Culex (Culex) annulirostris,"Skuse, 1889",AU,Trentham,Victoria,PRESENT,1,4cff2aca-5ce5-4028-88e6-d79b6449173a,,,689,,,,1955-10-27T00:00:00Z,27,10,1955,1652660,1652660,PRESERVED_SPECIMEN,NMV,Entomology,DIP2433,,,,CC0_1_0,Museums Victoria,"Dobrotworsky, N.",,,2023-05-22T17:49:28.455Z,,CONTINENT_DERIVED_FROM_COORDINATES;RECORDED_DATE_INVALID;INSTITUTION_COLLECTION_MISMATCH,144,144.32,-37.37,meters
177214292,88e38292-f762-11e1-a439-00145eb45e9a,,Animalia,Arthropoda,Insecta,Diptera,Culicidae,Culex,Culex annulirostris,,SPECIES,"Culex annulirostris Skuse, 1889",Culex annulirostris,,AU,Shepparton:,Victoria,PRESENT,,5ab24120-de25-11dc-9a41-b8a03c50a862,,,115,,,,1951-04-01T00:00:00Z,,4,1951,1652660,1652660,PRESERVED_SPECIMEN,UQIC,UQIC,30655,,,,CC_BY_4_0,,No data,,,2023-05-23T02:57:19.789Z,,GEODETIC_DATUM_ASSUMED_WGS84;CONTINENT_DERIVED_FROM_COORDINATES;COLLECTION_MATCH_NONE;INSTITUTION_MATCH_FUZZY,145,145.4025,-36.38194,meters
177214293,88e38292-f762-11e1-a439-00145eb45e9a,,Animalia,Arthropoda,Insecta,Diptera,Culicidae,Culex,Culex annulirostris,,SPECIES,"Culex annulirostris Skuse, 1889",Culex annulirostris,,AU,Corowa:,New South Wales,PRESENT,,5ab24120-de25-11dc-9a41-b8a03c50a862,,,143,,,,1951-01-01T00:00:00Z,,1,1951,1652660,1652660,PRESERVED_SPECIMEN,UQIC,UQIC,30653,,,,CC_BY_4_0,,No data,,,2023-05-23T02:57:12.775Z,,GEODETIC_DATUM_ASSUMED_WGS84;CONTINENT_DERIVED_FROM_COORDINATES;COLLECTION_MATCH_NONE;INSTITUTION_MATCH_FUZZY,146,146.38333,-35.99583,meters
177213938,88e38292-f762-11e1-a439-00145eb45e9a,,Animalia,Arthropoda,Insecta,Diptera,Culicidae,Culex,Culex annulirostris,,SPECIES,"Culex annulirostris Skuse, 1889",Culex annulirostris,,AU,Kosciusko:,New South Wales,PRESENT,,5ab24120-de25-11dc-9a41-b8a03c50a862,,,2026,,,,,,,,1652660,1652660,PRESERVED_SPECIMEN,UQIC,UQIC,30833,,,,CC_BY_4_0,,No data,,,2023-05-23T02:57:19.420Z,,GEODETIC_DATUM_ASSUMED_WGS84;CONTINENT_DERIVED_FROM_COORDINATES;COLLECTION_MATCH_NONE;INSTITUTION_MATCH_FUZZY,148,148.26666,-36.45,meters
3783908405,39905320-6c8a-11de-8226-b8a03c50a862,a28021a1-ab2d-43ed-9436-f11b13a84756,Animalia,Arthropoda,Insecta,Diptera,Culicidae,Culex,Culex annulirostris,,SPECIES,"Culex annulirostris Skuse, 1889",Culex (Culex) annulirostris,"Skuse, 1889",AU,Cann River,Victoria,PRESENT,1,4cff2aca-5ce5-4028-88e6-d79b6449173a,,,112,,,,1962-01-23T00:00:00Z,23,1,1962,1652660,1652660,PRESERVED_SPECIMEN,NMV,Entomology,DIP2431,,,,CC0_1_0,Museums Victoria,"Dobrotworsky, N.",,,2023-05-22T17:49:31.524Z,,CONTINENT_DERIVED_FROM_COORDINATES;RECORDED_DATE_INVALID;INSTITUTION_COLLECTION_MISMATCH,149,149.15,-37.57,meters
3901686417,0645ccdb-e001-4ab0-9729-51f1755e007e,3fc51f91-dcf5-4c25-acf7-d52c58327e3f,Animalia,Arthropoda,Insecta,Diptera,Culicidae,Culex,Culex annulirostris,,SPECIES,"Culex annulirostris Skuse, 1889",Culex (Culex) annulirostris,"Skuse, 1889",AU,locality withheld,New South Wales,PRESENT,,ef66652d-3cc3-4140-b268-a07d1e53441b,4,1e-09,40,,,,2021-02-10T00:00:00Z,10,2,2021,1652660,1652660,HUMAN_OBSERVATION,"NSW Dept of Planning, Industry and Environment",BioNet Atlas of NSW Wildlife,SPJGI7366841,,,,CC_BY_4_0,NSW National Parks and Wildlife Service,OIXR16080301,,,2023-05-23T02:00:09.523Z,,COORDINATE_ROUNDED;CONTINENT_DERIVED_FROM_COORDINATES,150,150.1685,-35.7197,meters
3901435810,6a0a95c6-c07a-4c35-9e9f-f776e8730fd4,https://data.biodiversitydata.nl/naturalis/specimen/RMNH.INS.1477621,Animalia,Arthropoda,Insecta,Diptera,Culicidae,Culex,Culex annulirostris,,SPECIES,"Culex annulirostris Skuse, 1889","Culex annulirostris Skuse, 1889","Skuse, 1889",ID,Parepare,South Sulawesi,PRESENT,,396d5f30-dea9-11db-8ab4-b8a03c50a862,3929,,20,,,,1921-09-01T00:00:00Z,1,9,1921,1652660,1652660,PRESERVED_SPECIMEN,,Diptera,RMNH.INS.1477621,,,,CC0_1_0,Naturalis Biodiversity Center,,,,2023-05-24T02:33:08.244Z,,COORDINATE_ROUNDED;CONTINENT_DERIVED_FROM_COORDINATES;INSTITUTION_MATCH_FUZZY;INSTITUTION_COLLECTION_MISMATCH,119,119.628611,-4.006944,meters
4017641771,6a0a95c6-c07a-4c35-9e9f-f776e8730fd4,https://data.biodiversitydata.nl/naturalis/specimen/RMNH.INS.1601406,Animalia,Arthropoda,Insecta,Diptera,Culicidae,Culex,Culex annulirostris,,SPECIES,"Culex annulirostris Skuse, 1889","Culex annulirostris Skuse, 1889","Skuse, 1889",ID,"Kanawe Regency, Amesiu",South East Sulawesi,PRESENT,,396d5f30-dea9-11db-8ab4-b8a03c50a862,3260,,27,,,,,,,,1652660,1652660,PRESERVED_SPECIMEN,,Diptera,RMNH.INS.1601406,,,,CC0_1_0,Naturalis Biodiversity Center,Hoff fd. Off v. gez Kendari,,,2023-05-24T02:33:13.223Z,,COORDINATE_ROUNDED;CONTINENT_DERIVED_FROM_COORDINATES;INSTITUTION_MATCH_FUZZY;INSTITUTION_COLLECTION_MISMATCH,122,122.258423,-3.974283,meters
4017638793,6a0a95c6-c07a-4c35-9e9f-f776e8730fd4,https://data.biodiversitydata.nl/naturalis/specimen/RMNH.INS.1543262,Animalia,Arthropoda,Insecta,Diptera,Culicidae,Culex,Culex annulirostris,,SPECIES,"Culex annulirostris Skuse, 1889","Culex annulirostris Skuse, 1889","Skuse, 1889",ID,Banggai,Central Sulawesi,PRESENT,,396d5f30-dea9-11db-8ab4-b8a03c50a862,18884,,193,,,,1921-08-01T00:00:00Z,1,8,1921,1652660,1652660,PRESERVED_SPECIMEN,,Diptera,RMNH.INS.1543262,,,,CC0_1_0,Naturalis Biodiversity Center,Ea Og Banggaai,,,2023-05-24T02:33:04.322Z,,COORDINATE_ROUNDED;CONTINENT_DERIVED_FROM_COORDINATES;INSTITUTION_MATCH_FUZZY;INSTITUTION_COLLECTION_MISMATCH,123,123.549444,-1.628611,meters
4017649113,6a0a95c6-c07a-4c35-9e9f-f776e8730fd4,https://data.biodiversitydata.nl/naturalis/specimen/RMNH.INS.1543260,Animalia,Arthropoda,Insecta,Diptera,Culicidae,Culex,Culex annulirostris,,SPECIES,"Culex annulirostris Skuse, 1889","Culex annulirostris Skuse, 1889","Skuse, 1889",ID,Piru,Maluku,PRESENT,,396d5f30-dea9-11db-8ab4-b8a03c50a862,1438,,97,,,,1932-01-15T00:00:00Z,15,1,1932,1652660,1652660,PRESERVED_SPECIMEN,,Diptera,RMNH.INS.1543260,,,,CC0_1_0,Naturalis Biodiversity Center,Brug De Rook,,,2023-05-24T02:33:05.689Z,,COORDINATE_ROUNDED;CONTINENT_DERIVED_FROM_COORDINATES;INSTITUTION_MATCH_FUZZY;INSTITUTION_COLLECTION_MISMATCH,128,128.19,-3.058889,meters
4017667023,6a0a95c6-c07a-4c35-9e9f-f776e8730fd4,https://data.biodiversitydata.nl/naturalis/specimen/RMNH.INS.1581942,Animalia,Arthropoda,Insecta,Diptera,Culicidae,Culex,Culex annulirostris,,SPECIES,"Culex annulirostris Skuse, 1889","Culex annulirostris Skuse, 1889","Skuse, 1889",ID,Sorong,West Papua,PRESENT,,396d5f30-dea9-11db-8ab4-b8a03c50a862,10584,,40,,,,1952-09-01T00:00:00Z,1,9,1952,1652660,1652660,PRESERVED_SPECIMEN,,Diptera,RMNH.INS.1581942,,,,CC0_1_0,Naturalis Biodiversity Center,De Rook,,,2023-05-24T02:33:16.497Z,,COORDINATE_ROUNDED;CONTINENT_DERIVED_FROM_COORDINATES;RECORDED_DATE_UNLIKELY;INSTITUTION_MATCH_FUZZY;INSTITUTION_COLLECTION_MISMATCH,131,131.255816,-0.876191,meters
4017646646,6a0a95c6-c07a-4c35-9e9f-f776e8730fd4,https://data.biodiversitydata.nl/naturalis/specimen/RMNH.INS.1582087,Animalia,Arthropoda,Insecta,Diptera,Culicidae,Culex,Culex annulirostris,,SPECIES,"Culex annulirostris Skuse, 1889","Culex annulirostris Skuse, 1889","Skuse, 1889",ID,"South Sorong Regency, Inanwatan",West Papua,PRESENT,,396d5f30-dea9-11db-8ab4-b8a03c50a862,16251,,14,,,,1958-12-10T00:00:00Z,10,12,1958,1652660,1652660,PRESERVED_SPECIMEN,,Diptera,RMNH.INS.1582087,,,,CC0_1_0,Naturalis Biodiversity Center,De Rook,,,2023-05-24T02:33:09.543Z,,COORDINATE_ROUNDED;CONTINENT_DERIVED_FROM_COORDINATES;INSTITUTION_MATCH_FUZZY;INSTITUTION_COLLECTION_MISMATCH,132,132.196666,-2.088402,meters
3901436675,6a0a95c6-c07a-4c35-9e9f-f776e8730fd4,https://data.biodiversitydata.nl/naturalis/specimen/RMNH.INS.1477685,Animalia,Arthropoda,Insecta,Diptera,Culicidae,Culex,Culex annulirostris,,SPECIES,"Culex annulirostris Skuse, 1889","Culex annulirostris Skuse, 1889","Skuse, 1889",ID,Manokwari,West Papua,PRESENT,,396d5f30-dea9-11db-8ab4-b8a03c50a862,2004,,83,,,,1957-02-01T00:00:00Z,1,2,1957,1652660,1652660,PRESERVED_SPECIMEN,,Diptera,RMNH.INS.1477685,,,,CC0_1_0,Naturalis Biodiversity Center,J. v.d. Assem,,,2023-05-24T02:33:14.757Z,,COORDINATE_ROUNDED;CONTINENT_DERIVED_FROM_COORDINATES;INSTITUTION_MATCH_FUZZY;INSTITUTION_COLLECTION_MISMATCH,134,134.075556,-0.857222,meters
3901426223,6a0a95c6-c07a-4c35-9e9f-f776e8730fd4,https://data.biodiversitydata.nl/naturalis/specimen/RMNH.INS.1539421,Animalia,Arthropoda,Insecta,Diptera,Culicidae,Culex,Culex annulirostris,,SPECIES,"Culex annulirostris Skuse, 1889","Culex annulirostris Skuse, 1889","Skuse, 1889",ID,Waropen Regency,Papua,PRESENT,,396d5f30-dea9-11db-8ab4-b8a03c50a862,80725,,213,,,,1954-09-18T00:00:00Z,18,9,1954,1652660,1652660,PRESERVED_SPECIMEN,,Diptera,RMNH.INS.1539421,,,,CC0_1_0,Naturalis Biodiversity Center,De Rook,,,2023-05-24T02:33:15.492Z,,COORDINATE_ROUNDED;CONTINENT_DERIVED_FROM_COORDINATES;INSTITUTION_MATCH_FUZZY;INSTITUTION_COLLECTION_MISMATCH,136,136.671726,-2.845024,meters
3091665305,14f3151a-e95d-493c-a40d-d9938ef62954,urn:catalog:CAS:ENT:8478249,Animalia,Arthropoda,Insecta,Diptera,Culicidae,Culex,Culex annulirostris,,SPECIES,"Culex annulirostris Skuse, 1889","Culex annulirostris Skuse, 1889","Skuse, 1889",ID,"Maffin Bay, Toem",Papua,PRESENT,1,66522820-055c-11d8-b84e-b8a03c50a862,18709,,19,,,,1944-06-29T00:00:00Z,29,6,1944,1652660,1652660,PRESERVED_SPECIMEN,CASC,CASENT,CASENT8478249,,,,CC0_1_0,,,,,2023-05-22T00:06:21.926Z,,GEODETIC_DATUM_ASSUMED_WGS84;CONTINENT_DERIVED_FROM_COORDINATES;OCCURRENCE_STATUS_INFERRED_FROM_INDIVIDUAL_COUNT,138,138.883333,-1.966667,meters
3091653306,14f3151a-e95d-493c-a40d-d9938ef62954,urn:catalog:CAS:ENT:8478254,Animalia,Arthropoda,Insecta,Diptera,Culicidae,Culex,Culex annulirostris,,SPECIES,"Culex annulirostris Skuse, 1889","Culex annulirostris Skuse, 1889","Skuse, 1889",ID,"Maffin Bay, Wakde Islands",Papua,PRESENT,1,66522820-055c-11d8-b84e-b8a03c50a862,1929,,-4,,,,1944-06-05T00:00:00Z,5,6,1944,1652660,1652660,PRESERVED_SPECIMEN,CASC,CASENT,CASENT8478254,,,,CC0_1_0,,,,,2023-05-22T00:06:14.666Z,,GEODETIC_DATUM_ASSUMED_WGS84;CONTINENT_DERIVED_FROM_COORDINATES;OCCURRENCE_STATUS_INFERRED_FROM_INDIVIDUAL_COUNT,139,139.014435,-1.939166,meters
3901435780,6a0a95c6-c07a-4c35-9e9f-f776e8730fd4,https://data.biodiversitydata.nl/naturalis/specimen/RMNH.INS.1477691,Animalia,Arthropoda,Insecta,Diptera,Culicidae,Culex,Culex annulirostris,,SPECIES,"Culex annulirostris Skuse, 1889","Culex annulirostris Skuse, 1889","Skuse, 1889",ID,Jayapura,Papua,PRESENT,,396d5f30-dea9-11db-8ab4-b8a03c50a862,11940,,88,,,,1957-09-01T00:00:00Z,1,9,1957,1652660,1652660,PRESERVED_SPECIMEN,,Diptera,RMNH.INS.1477691,,,,CC0_1_0,Naturalis Biodiversity Center,,,,2023-05-24T02:33:16.769Z,,COORDINATE_ROUNDED;CONTINENT_DERIVED_FROM_COORDINATES;INSTITUTION_MATCH_FUZZY;INSTITUTION_COLLECTION_MISMATCH,140,140.668998,-2.591601,meters
177214584,88e38292-f762-11e1-a439-00145eb45e9a,,Animalia,Arthropoda,Insecta,Diptera,Culicidae,Culex,Culex annulirostris,,SPECIES,"Culex annulirostris Skuse, 1889",Culex annulirostris,,PG,Vanimo:,No data,PRESENT,,5ab24120-de25-11dc-9a41-b8a03c50a862,,,127,,,,,,,,1652660,1652660,PRESERVED_SPECIMEN,UQIC,UQIC,30791,,,,CC_BY_4_0,,No data,,,2023-05-23T02:57:17.824Z,,GEODETIC_DATUM_ASSUMED_WGS84;CONTINENT_DERIVED_FROM_COORDINATES;COLLECTION_MATCH_NONE;INSTITUTION_MATCH_FUZZY,141,141.25,-2.66667,meters
177214605,88e38292-f762-11e1-a439-00145eb45e9a,,Animalia,Arthropoda,Insecta,Diptera,Culicidae,Culex,Culex annulirostris,,SPECIES,"Culex annulirostris Skuse, 1889",Culex annulirostris,,PG,Wewak:Mal. Sect.,No data,PRESENT,,5ab24120-de25-11dc-9a41-b8a03c50a862,,,71,,,,,,,,1652660,1652660,PRESERVED_SPECIMEN,UQIC,UQIC,32178,,,,CC_BY_4_0,,No data,,,2023-05-23T02:57:15.614Z,,GEODETIC_DATUM_ASSUMED_WGS84;CONTINENT_DERIVED_FROM_COORDINATES;COLLECTION_MATCH_NONE;INSTITUTION_MATCH_FUZZY,143,143.58333,-3.58333,meters
177214606,88e38292-f762-11e1-a439-00145eb45e9a,,Animalia,Arthropoda,Insecta,Diptera,Culicidae,Culex,Culex annulirostris,,SPECIES,"Culex annulirostris Skuse, 1889",Culex annulirostris,,PG,Angoram:,No data,PRESENT,,5ab24120-de25-11dc-9a41-b8a03c50a862,,,5,,,,,,,,1652660,1652660,PRESERVED_SPECIMEN,UQIC,UQIC,30796,,,,CC_BY_4_0,,No data,,,2023-05-23T02:57:15.632Z,,GEODETIC_DATUM_ASSUMED_WGS84;CONTINENT_DERIVED_FROM_COORDINATES;COLLECTION_MATCH_NONE;INSTITUTION_MATCH_FUZZY,144,144.06667,-4.06667,meters
177214621,88e38292-f762-11e1-a439-00145eb45e9a,,Animalia,Arthropoda,Insecta,Diptera,Culicidae,Culex,Culex annulirostris,,SPECIES,"Culex annulirostris Skuse, 1889",Culex annulirostris,,PG,Manus Is:,No data,PRESENT,,5ab24120-de25-11dc-9a41-b8a03c50a862,,,143,,,,1958-11-01T00:00:00Z,,11,1958,1652660,1652660,PRESERVED_SPECIMEN,UQIC,UQIC,21173,,,,CC_BY_4_0,,No data,,,2023-05-23T02:57:15.554Z,,GEODETIC_DATUM_ASSUMED_WGS84;CONTINENT_DERIVED_FROM_COORDINATES;COLLECTION_MATCH_NONE;INSTITUTION_MATCH_FUZZY,146,146.83333,-2.08333,meters
177214623,88e38292-f762-11e1-a439-00145eb45e9a,,Animalia,Arthropoda,Insecta,Diptera,Culicidae,Culex,Culex annulirostris,,SPECIES,"Culex annulirostris Skuse, 1889",Culex annulirostris,,PG,Admiralty Is.:,No data,PRESENT,,5ab24120-de25-11dc-9a41-b8a03c50a862,,,176,,,,1944-01-01T00:00:00Z,,1,1944,1652660,1652660,PRESERVED_SPECIMEN,UQIC,UQIC,21388,,,,CC_BY_4_0,,No data,,,2023-05-23T02:57:15.614Z,,GEODETIC_DATUM_ASSUMED_WGS84;CONTINENT_DERIVED_FROM_COORDINATES;COLLECTION_MATCH_NONE;INSTITUTION_MATCH_FUZZY,147,147,-2.08333,meters
177214581,88e38292-f762-11e1-a439-00145eb45e9a,,Animalia,Arthropoda,Insecta,Diptera,Culicidae,Culex,Culex annulirostris,,SPECIES,"Culex annulirostris Skuse, 1889",Culex annulirostris,,PG,New Ireland:Kavieng,No data,PRESENT,,5ab24120-de25-11dc-9a41-b8a03c50a862,,,5,,,,,,,,1652660,1652660,PRESERVED_SPECIMEN,UQIC,UQIC,30606,,,,CC_BY_4_0,,No data,,,2023-05-23T02:57:17.612Z,,GEODETIC_DATUM_ASSUMED_WGS84;CONTINENT_DERIVED_FROM_COORDINATES;COLLECTION_MATCH_NONE;INSTITUTION_MATCH_FUZZY,150,150.8,-2.567,meters
177214641,88e38292-f762-11e1-a439-00145eb45e9a,,Animalia,Arthropoda,Insecta,Diptera,Culicidae,Culex,Culex annulirostris,,SPECIES,"Culex annulirostris Skuse, 1889",Culex annulirostris,,PG,New Britain:Pondo,No data,PRESENT,,5ab24120-de25-11dc-9a41-b8a03c50a862,,,90,,,,,,,,1652660,1652660,PRESERVED_SPECIMEN,UQIC,UQIC,30946,,,,CC_BY_4_0,,No data,,,2023-05-23T02:57:15.614Z,,GEODETIC_DATUM_ASSUMED_WGS84;CONTINENT_DERIVED_FROM_COORDINATES;COLLECTION_MATCH_NONE;INSTITUTION_MATCH_FUZZY,151,151.6333,-4.55,meters
177214643,88e38292-f762-11e1-a439-00145eb45e9a,,Animalia,Arthropoda,Insecta,Diptera,Culicidae,Culex,Culex annulirostris,,SPECIES,"Culex annulirostris Skuse, 1889",Culex annulirostris,,PG,New Britain:Toma,No data,PRESENT,,5ab24120-de25-11dc-9a41-b8a03c50a862,,,327,,,,,,,,1652660,1652660,PRESERVED_SPECIMEN,UQIC,UQIC,30612,,,,CC_BY_4_0,,No data,,,2023-05-23T02:57:15.634Z,,GEODETIC_DATUM_ASSUMED_WGS84;CONTINENT_DERIVED_FROM_COORDINATES;COLLECTION_MATCH_NONE;INSTITUTION_MATCH_FUZZY,152,152.1667,-4.3833,meters
177214578,88e38292-f762-11e1-a439-00145eb45e9a,,Animalia,Arthropoda,Insecta,Diptera,Culicidae,Culex,Culex annulirostris,,SPECIES,"Culex annulirostris Skuse, 1889",Culex annulirostris,,PG,Mortlock:,No data,PRESENT,,5ab24120-de25-11dc-9a41-b8a03c50a862,,,-11,,,,1959-05-01T00:00:00Z,,5,1959,1652660,1652660,PRESERVED_SPECIMEN,UQIC,UQIC,21056,,,,CC_BY_4_0,,No data,,,2023-05-23T02:57:15.621Z,,GEODETIC_DATUM_ASSUMED_WGS84;CONTINENT_DERIVED_FROM_COORDINATES;COLLECTION_MATCH_NONE;INSTITUTION_MATCH_FUZZY,157,157,-4.75,meters
177214573,88e38292-f762-11e1-a439-00145eb45e9a,,Animalia,Arthropoda,Insecta,Diptera,Culicidae,Culex,Culex annulirostris,,SPECIES,"Culex annulirostris Skuse, 1889",Culex annulirostris,,PG,Tasman:,No data,PRESENT,,5ab24120-de25-11dc-9a41-b8a03c50a862,,,-42,,,,1959-05-01T00:00:00Z,,5,1959,1652660,1652660,PRESERVED_SPECIMEN,UQIC,UQIC,21225,,,,CC_BY_4_0,,No data,,,2023-05-23T02:57:12.762Z,,GEODETIC_DATUM_ASSUMED_WGS84;CONTINENT_DERIVED_FROM_COORDINATES;COLLECTION_MATCH_NONE;INSTITUTION_MATCH_FUZZY,159,159.333,-4.5,meters
3091660315,14f3151a-e95d-493c-a40d-d9938ef62954,urn:catalog:CAS:ENT:8478466,Animalia,Arthropoda,Insecta,Diptera,Culicidae,Culex,Culex annulirostris,,SPECIES,"Culex annulirostris Skuse, 1889","Culex annulirostris Skuse, 1889","Skuse, 1889",PH,San Jose,Occidental Mindoro,PRESENT,1,66522820-055c-11d8-b84e-b8a03c50a862,30956,,3,,,,1945-01-04T00:00:00Z,4,1,1945,1652660,1652660,PRESERVED_SPECIMEN,CASC,CASENT,CASENT8478466,,,,CC0_1_0,,E.S. Ross,,,2023-05-22T00:06:21.900Z,,GEODETIC_DATUM_ASSUMED_WGS84;CONTINENT_DERIVED_FROM_COORDINATES;OCCURRENCE_STATUS_INFERRED_FROM_INDIVIDUAL_COUNT,121,121.067613,12.352748,meters
3059285346,96404cc2-f762-11e1-a439-00145eb45e9a,urn:uuid:5d169ce3-5ab1-4d71-9268-231568b9c411,Animalia,Arthropoda,Insecta,Diptera,Culicidae,Culex,Culex annulirostris,,SPECIES,"Culex annulirostris Skuse, 1889",Culex annulirostris,Skuse,PH,Tarragona,Leyte Province,PRESENT,1,2e167bb0-4441-11db-9ba2-b8a03c50a862,3036,,5,,,,1945-06-15T00:00:00Z,15,6,1945,1652660,1652660,PRESERVED_SPECIMEN,YPM,ENT,YPM ENT 682685,,,,CC0_1_0,Yale Peabody Museum,Charles L. Remington,,,2023-05-28T01:49:44.362Z,StillImage,OCCURRENCE_STATUS_INFERRED_FROM_INDIVIDUAL_COUNT;INSTITUTION_MATCH_FUZZY,124,124.9961,10.8308,meters
3091648315,14f3151a-e95d-493c-a40d-d9938ef62954,urn:catalog:CAS:ENT:8478469,Animalia,Arthropoda,Insecta,Diptera,Culicidae,Culex,Culex annulirostris,,SPECIES,"Culex annulirostris Skuse, 1889","Culex annulirostris Skuse, 1889","Skuse, 1889",GU,,,PRESENT,1,66522820-055c-11d8-b84e-b8a03c50a862,26757,,39,,,,1945-01-04T00:00:00Z,4,1,1945,1652660,1652660,PRESERVED_SPECIMEN,CASC,CASENT,CASENT8478469,,J.N. Belkin,,CC0_1_0,,,,,2023-05-22T00:06:14.697Z,,CONTINENT_DERIVED_FROM_COORDINATES;OCCURRENCE_STATUS_INFERRED_FROM_INDIVIDUAL_COUNT,144,144.768841,13.453226,meters
3091649318,14f3151a-e95d-493c-a40d-d9938ef62954,urn:catalog:CAS:ENT:8478471,Animalia,Arthropoda,Insecta,Diptera,Culicidae,Culex,Culex annulirostris,,SPECIES,"Culex annulirostris Skuse, 1889","Culex annulirostris Skuse, 1889","Skuse, 1889",GU,,,PRESENT,1,66522820-055c-11d8-b84e-b8a03c50a862,28859,,19,,,,1945-01-04T00:00:00Z,4,1,1945,1652660,1652660,PRESERVED_SPECIMEN,CASC,CASENT,CASENT8478471,,J.N. Belkin,,CC0_1_0,,,,,2023-05-22T00:06:14.697Z,,CONTINENT_DERIVED_FROM_COORDINATES;OCCURRENCE_STATUS_INFERRED_FROM_INDIVIDUAL_COUNT,144,144.766967,13.463519,meters
3091654319,14f3151a-e95d-493c-a40d-d9938ef62954,urn:catalog:CAS:ENT:8478493,Animalia,Arthropoda,Insecta,Diptera,Culicidae,Culex,Culex annulirostris,,SPECIES,"Culex annulirostris Skuse, 1889","Culex annulirostris Skuse, 1889","Skuse, 1889",MP,"Saipan, Chalan Kanoa",,PRESENT,1,66522820-055c-11d8-b84e-b8a03c50a862,2197,,44,,,,1944-08-29T00:00:00Z,29,8,1944,1652660,1652660,PRESERVED_SPECIMEN,CASC,CASENT,CASENT8478493,15,,,CC0_1_0,,D.G. Hall,,,2023-05-22T00:06:14.675Z,,GEODETIC_DATUM_ASSUMED_WGS84;CONTINENT_DERIVED_FROM_COORDINATES;OCCURRENCE_STATUS_INFERRED_FROM_INDIVIDUAL_COUNT,145,145.714424,15.137255,meters
3091666312,14f3151a-e95d-493c-a40d-d9938ef62954,urn:catalog:CAS:ENT:8478409,Animalia,Arthropoda,Insecta,Diptera,Culicidae,Culex,Culex annulirostris,,SPECIES,"Culex annulirostris Skuse, 1889","Culex annulirostris Skuse, 1889","Skuse, 1889",FM,"Moen, Truk, Civ. Ad. Area",,PRESENT,1,66522820-055c-11d8-b84e-b8a03c50a862,5421,,36,,,,1949-04-10T00:00:00Z,10,4,1949,1652660,1652660,PRESERVED_SPECIMEN,CASC,CASENT,CASENT8478409,,,,CC0_1_0,,R.W.L. Potts,,,2023-05-22T00:06:21.846Z,,GEODETIC_DATUM_ASSUMED_WGS84;CONTINENT_DERIVED_FROM_COORDINATES;OCCURRENCE_STATUS_INFERRED_FROM_INDIVIDUAL_COUNT,151,151.853333,7.441111,meters
3091661315,14f3151a-e95d-493c-a40d-d9938ef62954,urn:catalog:CAS:ENT:8478422,Animalia,Arthropoda,Insecta,Diptera,Culicidae,Culex,Culex annulirostris,,SPECIES,"Culex annulirostris Skuse, 1889","Culex annulirostris Skuse, 1889","Skuse, 1889",FM,"Truk, S. Valley, Mt. Tonachau, Moen",,PRESENT,1,66522820-055c-11d8-b84e-b8a03c50a862,1807,,7,,,,1949-04-25T00:00:00Z,25,4,1949,1652660,1652660,PRESERVED_SPECIMEN,CASC,CASENT,CASENT8478422,,,,CC0_1_0,,R.W.L. Potts,,,2023-05-22T00:06:21.779Z,,CONTINENT_DERIVED_FROM_COORDINATES;OCCURRENCE_STATUS_INFERRED_FROM_INDIVIDUAL_COUNT,151,151.846111,7.454722,meters
3091663318,14f3151a-e95d-493c-a40d-d9938ef62954,urn:catalog:CAS:ENT:8478478,Animalia,Arthropoda,Insecta,Diptera,Culicidae,Culex,Culex annulirostris,,SPECIES,"Culex annulirostris Skuse, 1889","Culex annulirostris Skuse, 1889","Skuse, 1889",FM,"Sokas Island, Ponape",,PRESENT,1,66522820-055c-11d8-b84e-b8a03c50a862,19260,,226,,,,1945-01-04T00:00:00Z,4,1,1945,1652660,1652660,PRESERVED_SPECIMEN,CASC,CASENT,CASENT8478478,17.22,,,CC0_1_0,,H.S. Hurlbut,,,2023-05-22T00:06:21.758Z,,GEODETIC_DATUM_ASSUMED_WGS84;CONTINENT_DERIVED_FROM_COORDINATES;OCCURRENCE_STATUS_INFERRED_FROM_INDIVIDUAL_COUNT,158,158.2325,6.906944,meters